last_name,first_name,email,department,salary
Piscopello,Adi,apiscopello0@tripod.com,Training,98394.65
Thornally,Berri,bthornally1@europa.eu,Sales,100883.78
Bohl,Man,mbohl2@furl.net,Support,73529.73
Sicily,Jolie,jsicily3@geocities.jp,Training,116213.74
Gorringe,Frankie,fgorringe4@nytimes.com,Legal,80660.15
Lowth,Dusty,dlowth5@tumblr.com,Services,50735.14
Kynforth,Thorpe,tkynforth6@google.com.hk,Sales,98467.89
Curedell,Zacherie,zcuredell7@china.com.cn,Legal,57744.16
Lagne,Geraldine,glagne8@cbc.ca,Product Management,63263.24
Belham,Preston,pbelham9@ebay.com,Business Development,65096.79
Dunbar,Rem,rdunbara@blogs.com,Business Development,63544.39
O'Doran,Annmarie,aodoranb@wufoo.com,Research and Development,90571.94
Duckers,Lanie,lduckersc@foxnews.com,Product Management,108787.76
Udy,Eddi,eudyd@exblog.jp,Research and Development,107868.83
Cheshir,Ivy,icheshire@1und1.de,Accounting,135803.39
Cossor,Anderson,acossorf@webeden.co.uk,Accounting,109955.01
Scay,Clarey,cscayg@businesswire.com,Legal,116647.08
Fogden,Harald,hfogdenh@lycos.com,Human Resources,120605.66
Tremonte,Natal,ntremontei@oaic.gov.au,Training,69291.71
Minerdo,Perren,pminerdoj@wp.com,Marketing,113823.1
McCrea,Leilah,lmccreak@bluehost.com,Marketing,135869.9
Isselee,Hobie,hisseleel@reddit.com,Legal,50923.95
Pedrazzi,Abby,apedrazzim@statcounter.com,Engineering,133722.59
Toderbrugge,Artie,atoderbruggen@nationalgeographic.com,Sales,131696.46
Worman,Derwin,dwormano@nifty.com,Training,67664.0
Espino,Hart,hespinop@imageshack.us,Legal,76141.72
Pippard,Nerti,npippardq@ox.ac.uk,Services,133629.68
Silberschatz,Denise,dsilberschatzr@hc360.com,Support,60229.55
Ingold,Sibbie,singolds@thetimes.co.uk,Services,77955.37
Tuffs,Emiline,etuffst@bloglovin.com,Human Resources,107136.54
Keyho,Alvan,akeyhou@ebay.com,Human Resources,84561.5
McCormack,Rudd,rmccormackv@bbc.co.uk,Accounting,60416.63
Drackford,Gun,gdrackfordw@devhub.com,Services,70435.24
Jessop,Raeann,rjessopx@flickr.com,Sales,91387.03
Byforth,Krystyna,kbyforthy@a8.net,Accounting,103329.27
Bottelstone,Herschel,hbottelstonez@example.com,Research and Development,114289.5
Fitzgerald,Val,vfitzgerald10@jugem.jp,Sales,79941.6
Butterfield,Jorry,jbutterfield11@i2i.jp,Engineering,128951.67
Betho,Maryjane,mbetho12@amazon.co.uk,Services,59897.51
Pargeter,Sher,spargeter13@studiopress.com,Training,137106.46
Kubal,Meaghan,mkubal14@foxnews.com,Marketing,139770.51
Pyson,Abbot,apyson15@livejournal.com,Sales,56276.37
Pendall,Lisetta,lpendall16@si.edu,Research and Development,78234.55
Pinnell,Olin,opinnell17@state.tx.us,Human Resources,105263.74
Thornborrow,Myrta,mthornborrow18@disqus.com,Services,111807.06
Brownsmith,Tedi,tbrownsmith19@clickbank.net,Business Development,68346.4
Artiss,Dugald,dartiss1a@topsy.com,Sales,134503.41
Barkess,Thebault,tbarkess1b@creativecommons.org,Training,89013.74
Pole,Oates,opole1c@google.pl,Engineering,143163.7
Kealy,Salvatore,skealy1d@tinypic.com,Marketing,114586.98
Gumby,Karilynn,kgumby1e@google.co.jp,Accounting,51733.92
Garbott,Bruno,bgarbott1f@gravatar.com,Research and Development,60914.74
Bowld,Reggie,rbowld1g@wikispaces.com,Sales,76092.25
Petett,Cullen,cpetett1h@seattletimes.com,Engineering,84392.0
Densham,Elfrieda,edensham1i@ucoz.com,Accounting,140468.69
Lippiello,Clark,clippiello1j@vinaora.com,Sales,146962.03
Cox,Madelina,mcox1k@ca.gov,Engineering,108847.61
Coggings,Millisent,mcoggings1l@wisc.edu,Marketing,122156.43
Bony,Consuelo,cbony1m@arstechnica.com,Research and Development,66245.82
Gingles,Stafford,sgingles1n@hatena.ne.jp,Engineering,84026.01
Utton,Eugene,eutton1o@example.com,Support,96509.35
Pritchitt,Illa,ipritchitt1p@fda.gov,Sales,50447.27
Perry,Correna,cperry1q@latimes.com,Research and Development,53054.49
Cran,Angelina,acran1r@arizona.edu,Legal,80377.12
Ceschelli,Emalia,eceschelli1s@gnu.org,Support,73393.48
Veall,Lemar,lveall1t@vkontakte.ru,Human Resources,122713.65
Rylance,Waylan,wrylance1u@wiley.com,Human Resources,121483.39
Vagg,Stacy,svagg1v@yandex.ru,Legal,128276.24
Menlove,Fanchette,fmenlove1w@reverbnation.com,Human Resources,117531.21
Blinco,Joice,jblinco1x@skyrock.com,Services,74015.72
MacRury,Rubin,rmacrury1y@t.co,Legal,60605.25
McCafferty,Gwynne,gmccafferty1z@macromedia.com,Services,92802.49
Lansdale,Cheri,clansdale20@typepad.com,Human Resources,106308.15
Hofer,Tracie,thofer21@cdc.gov,Services,106738.04
Rosenberg,Coriss,crosenberg22@google.co.jp,Research and Development,129208.15
Danbi,Jamey,jdanbi23@sbwire.com,Business Development,142586.86
Hunnicot,Estrellita,ehunnicot24@simplemachines.org,Research and Development,60775.93
Cabena,Olympe,ocabena25@loc.gov,Product Management,111915.34
Slaten,Garwood,gslaten26@huffingtonpost.com,Human Resources,106983.34
MacVanamy,Hogan,hmacvanamy27@abc.net.au,Services,63274.2
Turtle,Ronna,rturtle28@vimeo.com,Product Management,126332.36
Rearden,Lanna,lrearden29@indiegogo.com,Legal,129806.19
McArtan,Kurt,kmcartan2a@creativecommons.org,Engineering,87743.43
Gue,Gail,ggue2b@woothemes.com,Support,109442.93
Prantoni,Tedd,tprantoni2c@moonfruit.com,Research and Development,136490.55
Lis,Krissy,klis2d@washingtonpost.com,Services,92026.36
Rechert,Arne,arechert2e@forbes.com,Product Management,85194.12
Rubbens,Juditha,jrubbens2f@ihg.com,Accounting,91836.01
Rabley,Ara,arabley2g@usa.gov,Accounting,115810.85
Lumsdale,Brandi,blumsdale2h@squidoo.com,Product Management,93570.3
Tewelson,Audrie,atewelson2i@csmonitor.com,Business Development,119580.4
Gorke,Neddy,ngorke2j@istockphoto.com,Product Management,57011.33
Skahill,Patin,pskahill2k@blinklist.com,Support,133811.89
Lefever,Leone,llefever2l@mlb.com,Training,132180.41
Sales,Walliw,wsales2m@wordpress.org,Engineering,77125.48
Baudesson,Wayne,wbaudesson2n@google.ca,Human Resources,109782.15
Orvis,Carleen,corvis2o@wikimedia.org,Legal,147811.75
Dominka,Sheilakathryn,sdominka2p@alibaba.com,Marketing,79058.56
Ingleton,Ashleigh,aingleton2q@sciencedirect.com,Accounting,144653.06
Mitroshinov,Maudie,mmitroshinov2r@dailymail.co.uk,Services,75563.94
Thornthwaite,Tiffi,tthornthwaite2s@timesonline.co.uk,Marketing,65680.92
Hateley,Pearline,phateley2t@tinypic.com,Accounting,84454.57
Sumpter,Astrid,asumpter2u@arstechnica.com,Marketing,130998.5
Ilett,Akim,ailett2v@skyrock.com,Engineering,137696.87
Toppin,Cindelyn,ctoppin2w@example.com,Services,60678.11
Heintzsch,Carla,cheintzsch2x@army.mil,Accounting,145400.29
Kendal,Moses,mkendal2y@dropbox.com,Sales,98644.44
Cubbon,Salome,scubbon2z@godaddy.com,Product Management,94742.19
Massard,Kathlin,kmassard30@sbwire.com,Marketing,103274.5
Pauwel,Bryce,bpauwel31@wikipedia.org,Research and Development,54312.81
Luxmoore,Constantia,cluxmoore32@pen.io,Training,104359.68
Rabat,Korella,krabat33@goo.gl,Business Development,95801.56
McGinly,Ilysa,imcginly34@typepad.com,Human Resources,78857.68
Glozman,Fabian,fglozman35@ucla.edu,Human Resources,113007.44
Reeman,Al,areeman36@macromedia.com,Human Resources,95114.7
Edy,Reyna,redy37@instagram.com,Sales,119309.37
Edinburough,Alvira,aedinburough38@sina.com.cn,Product Management,116743.86
Cuardall,Ofelia,ocuardall39@hugedomains.com,Product Management,51434.17
Habbal,Woodie,whabbal3a@comsenz.com,Services,97150.12
Weavers,Sibbie,sweavers3b@google.com.br,Training,105363.42
