last_name,first_name,email,department,salary
Tzar,Duffie,dtzar0@cargocollective.com,Business Development,78809.74
Cornil,Jaymie,jcornil1@tiny.cc,Accounting,105002.53
Cucuzza,Celine,ccucuzza2@mtv.com,Marketing,58254.31
Tanner,Augie,atanner3@blogspot.com,Sales,136028.26
Bloore,Montague,mbloore4@scribd.com,Services,53751.9
Antonioni,Hillery,hantonioni5@usnews.com,Services,53974.85
Conley,Dani,dconley6@cbslocal.com,Services,114734.81
Springall,Neel,nspringall7@sfgate.com,Product Management,121363.04
Blackeby,Nicolas,nblackeby8@arizona.edu,Product Management,142046.5
Twomey,Allard,atwomey9@state.gov,Legal,100395.95
Kennon,Cazzie,ckennona@purevolume.com,Training,68034.07
Dericut,Anitra,adericutb@google.pl,Sales,73207.08
O'Hoey,Orly,oohoeyc@forbes.com,Training,102519.61
Tallet,Burgess,btalletd@facebook.com,Accounting,127046.02
McNea,Zena,zmcneae@e-recht24.de,Research and Development,110191.08
Drawmer,Dwight,ddrawmerf@dailymotion.com,Sales,130026.76
Strand,Sherwynd,sstrandg@amazon.de,Sales,129956.43
Westfield,Simonne,swestfieldh@cbslocal.com,Training,70690.81
Pattullo,Hillyer,hpattulloi@youtube.com,Research and Development,125029.28
Frostdicke,Farica,ffrostdickej@creativecommons.org,Research and Development,120638.47
Cole,Audrey,acolek@de.vu,Services,97566.98
Hymas,Arlene,ahymasl@wordpress.org,Marketing,133360.74
Kuhlen,Alexi,akuhlenm@hp.com,Accounting,95235.05
Cullimore,Evonne,ecullimoren@cnbc.com,Accounting,124937.08
Vasentsov,Diandra,dvasentsovo@cmu.edu,Legal,55762.22
Bouch,Leland,lbouchp@bloglovin.com,Marketing,116617.51
Holberry,Rheba,rholberryq@qq.com,Research and Development,143070.56
Menzies,Judon,jmenziesr@reference.com,Training,122086.64
Erricker,Glendon,gerrickers@plala.or.jp,Human Resources,144992.26
Braine,Vanda,vbrainet@meetup.com,Engineering,60582.42
Paternoster,Tommie,tpaternosteru@berkeley.edu,Legal,70671.57
Childe,Ervin,echildev@alexa.com,Human Resources,149094.63
Lissandri,Rooney,rlissandriw@ebay.co.uk,Training,98358.14
Rex,Lonnie,lrexx@google.com,Training,66347.18
Sangster,Stefa,ssangstery@photobucket.com,Services,60803.0
Murrey,Rosabelle,rmurreyz@typepad.com,Product Management,78822.13
Greenhalf,Tracee,tgreenhalf10@google.com.br,Product Management,131674.0
Buesnel,Cointon,cbuesnel11@ebay.com,Research and Development,110591.64
Morrieson,Fancie,fmorrieson12@fema.gov,Marketing,86892.62
Dahill,Cobb,cdahill13@biblegateway.com,Legal,59639.0
Thredder,Katheryn,kthredder14@rediff.com,Legal,56042.76
Floch,Eddie,efloch15@goo.ne.jp,Engineering,121737.31
Attew,Tova,tattew16@about.com,Sales,75014.41
Ranaghan,Nerti,nranaghan17@bigcartel.com,Research and Development,86831.47
Bessent,Valida,vbessent18@foxnews.com,Research and Development,107308.27
Drennan,Sadella,sdrennan19@privacy.gov.au,Business Development,67902.19
Tudball,Patrizio,ptudball1a@ocn.ne.jp,Marketing,139398.67
Schechter,Harlan,hschechter1b@phoca.cz,Training,99515.16
Wildt,Jo,jwildt1c@businessinsider.com,Marketing,63242.8
Swateridge,Torrie,tswateridge1d@ycombinator.com,Product Management,88877.34
