last_name,first_name,email,department,salary
Ubach,Clemmie,cubach0@tinyurl.com,Services,119723.39
Lown,Bourke,blown1@i2i.jp,Training,146333.47
Pantridge,Carolyne,cpantridge2@behance.net,Sales,66371.1
Hallford,Janela,jhallford3@twitter.com,Sales,89082.19
Cammoile,Trudey,tcammoile4@cdbaby.com,Training,90028.39
Daverin,Vickie,vdaverin5@hexun.com,Human Resources,79264.48
Banasevich,Sandie,sbanasevich6@sun.com,Legal,135924.28
Flannery,Carey,cflannery7@un.org,Engineering,95985.81
Raff,Alvera,araff8@intel.com,Engineering,143664.58
Dinsey,Yovonnda,ydinsey9@jugem.jp,Accounting,124435.78
Grundey,Ashil,agrundeya@adobe.com,Sales,69287.79
Bonnin,Ronny,rbonninb@exblog.jp,Product Management,147065.02
Cresswell,Stanly,scresswellc@storify.com,Services,88807.65
Sheards,Theo,tsheardsd@shop-pro.jp,Services,123768.46
Ferriman,Sherlock,sferrimane@free.fr,Marketing,146843.21
McGrirl,Dimitri,dmcgrirlf@tinypic.com,Services,59981.4
Ingerman,Ada,aingermang@usda.gov,Research and Development,144267.33
Simper,Don,dsimperh@spotify.com,Support,92031.78
Ridde,Andrei,ariddei@moonfruit.com,Training,109522.53
Jonuzi,Matilda,mjonuzij@army.mil,Human Resources,127194.97
Flanaghan,Melisandra,mflanaghank@npr.org,Sales,142717.31
Hurle,Darlleen,dhurlel@marketwatch.com,Marketing,75892.96
Kettell,Sharona,skettellm@prweb.com,Accounting,62565.71
Bunney,Mirelle,mbunneyn@cpanel.net,Marketing,98637.0
Scoone,Sophey,sscooneo@google.com.br,Training,124504.49
Bellison,Sidney,sbellisonp@fema.gov,Human Resources,81710.11
Kealy,Arnie,akealyq@webnode.com,Engineering,55430.64
Kimmince,Fawnia,fkimmincer@ow.ly,Training,130766.44
Innman,Gisela,ginnmans@homestead.com,Product Management,147479.28
Tulk,Stavro,stulkt@reference.com,Research and Development,129601.74
Dyne,Erminia,edyneu@joomla.org,Services,54174.02
Sterndale,Elsy,esterndalev@youtu.be,Accounting,130849.94
Stirgess,Bernelle,bstirgessw@yale.edu,Sales,87607.1
Van Halle,Danita,dvanhallex@google.com,Sales,77263.83
Diamond,Northrop,ndiamondy@live.com,Marketing,132097.31
Esparza,Deane,desparzaz@columbia.edu,Product Management,96119.85
Upwood,Glad,gupwood10@creativecommons.org,Services,56644.82
Batteson,Neda,nbatteson11@quantcast.com,Engineering,83914.32
Skone,Chane,cskone12@taobao.com,Product Management,79228.58
Redley,April,aredley13@hhs.gov,Support,111584.64
Hessenthaler,Holly,hhessenthaler14@storify.com,Marketing,116208.26
Lowth,Halette,hlowth15@posterous.com,Engineering,127733.45
Cardenas,Jerome,jcardenas16@hubpages.com,Product Management,77968.28
Detoile,Shanon,sdetoile17@mashable.com,Product Management,62715.52
Phippin,Kiel,kphippin18@indiegogo.com,Marketing,107903.6
Strettell,Dario,dstrettell19@barnesandnoble.com,Training,128280.47
Valiant,Hallie,hvaliant1a@artisteer.com,Human Resources,50848.15
Labba,Bibbie,blabba1b@diigo.com,Marketing,77230.71
Fantini,Coral,cfantini1c@oracle.com,Sales,131799.81
Forman,Horten,hforman1d@theglobeandmail.com,Accounting,58305.85
Conneau,Si,sconneau1e@digg.com,Human Resources,121537.66
Burriss,Clifford,cburriss1f@shop-pro.jp,Sales,83795.01
Warmington,Karol,kwarmington1g@wikia.com,Support,86530.22
Crews,Anabel,acrews1h@cnbc.com,Services,82221.66
Cutajar,Lilia,lcutajar1i@skyrock.com,Sales,73288.74
McIlvaney,Raven,rmcilvaney1j@tinypic.com,Accounting,134016.64
Bortoletti,Misty,mbortoletti1k@usgs.gov,Accounting,68299.58
Palfreman,Catina,cpalfreman1l@alexa.com,Training,60691.05
Cheney,Willi,wcheney1m@flavors.me,Engineering,87959.87
Da Costa,Claire,cdacosta1n@google.co.jp,Human Resources,142671.81
Murfill,Ibrahim,imurfill1o@github.com,Product Management,143399.68
Croshaw,Errick,ecroshaw1p@opensource.org,Accounting,115823.46
Stoneham,Ripley,rstoneham1q@webnode.com,Legal,87098.93
Kentwell,Cecilia,ckentwell1r@amazon.de,Marketing,127994.96
Maro,Chrotoem,cmaro1s@ihg.com,Marketing,139527.69
Oubridge,Foss,foubridge1t@tmall.com,Legal,106933.59
Godfrey,Anastasie,agodfrey1u@wiley.com,Training,131100.81
Bilbrook,Vinny,vbilbrook1v@sun.com,Engineering,63364.74
Batha,Amil,abatha1w@typepad.com,Engineering,148016.7
Simcoe,Kirsti,ksimcoe1x@cpanel.net,Legal,75514.93
Metherell,Waite,wmetherell1y@dailymotion.com,Business Development,133090.66
Grinval,Alanah,agrinval1z@w3.org,Services,100360.05
Eustanch,Kaleb,keustanch20@networkadvertising.org,Human Resources,143211.78
Inger,Katina,kinger21@harvard.edu,Services,118696.31
Eyrl,Adria,aeyrl22@wikimedia.org,Legal,95474.39
Pisco,Cari,cpisco23@ihg.com,Training,111691.78
Rebeiro,Merrill,mrebeiro24@biglobe.ne.jp,Training,61340.92
Youtead,Stephen,syoutead25@mysql.com,Marketing,144723.89
Maestrini,Brita,bmaestrini26@qq.com,Legal,76157.4
Kayne,Elsa,ekayne27@posterous.com,Marketing,90785.24
Kubicek,Fey,fkubicek28@youtube.com,Training,90732.02
Mott,Silvain,smott29@is.gd,Sales,95259.93
Durning,Velvet,vdurning2a@toplist.cz,Sales,55560.99
Siret,Franky,fsiret2b@feedburner.com,Product Management,94849.69
Rouse,Katha,krouse2c@google.de,Engineering,148981.34
Ingolotti,Ollie,oingolotti2d@tuttocitta.it,Support,109437.65
Levison,Son,slevison2e@seesaa.net,Legal,137788.46
Feilden,Britta,bfeilden2f@chicagotribune.com,Engineering,73511.98
Devita,Greggory,gdevita2g@opera.com,Research and Development,124897.15
Offa,Fanchon,foffa2h@networkadvertising.org,Services,88587.86
O' Faherty,Janet,jofaherty2i@wp.com,Training,79358.79
Von Der Empten,Sammy,svonderempten2j@blog.com,Product Management,92467.18
Florey,Denys,dflorey2k@google.cn,Business Development,111738.46
Feare,Konstantine,kfeare2l@bbc.co.uk,Human Resources,73307.21
Cowser,Vale,vcowser2m@amazon.com,Legal,110712.62
Vlasenko,Simmonds,svlasenko2n@unicef.org,Support,81323.4
Shallcroff,Winfred,wshallcroff2o@technorati.com,Support,109629.61
Angelini,Renado,rangelini2p@dailymotion.com,Human Resources,113227.79
Blazi,Harlene,hblazi2q@unblog.fr,Training,149358.79
Fisbey,Theda,tfisbey2r@cisco.com,Sales,89854.67
Nobes,Joeann,jnobes2s@unc.edu,Engineering,126648.76
Cannell,Cybill,ccannell2t@google.co.jp,Human Resources,96885.21
Larvent,Welby,wlarvent2u@histats.com,Marketing,111152.38
Solloway,Viviana,vsolloway2v@ebay.co.uk,Business Development,149987.03
Lorne,Jamey,jlorne2w@xinhuanet.com,Product Management,141144.79
Thickens,Chrystel,cthickens2x@stanford.edu,Engineering,65110.87
Dincke,Lilllie,ldincke2y@tumblr.com,Marketing,121139.79
Niland,Bradan,bniland2z@sakura.ne.jp,Business Development,143514.55
Limerick,Gilberte,glimerick30@wired.com,Support,120118.92
Ziebart,Laraine,lziebart31@foxnews.com,Business Development,82535.24
Aleshintsev,Cecile,caleshintsev32@tripadvisor.com,Research and Development,120778.48
Challin,Therine,tchallin33@bloglovin.com,Services,97795.21
Ternouth,Daniele,dternouth34@google.pl,Marketing,135751.95
Bastiman,Riannon,rbastiman35@ted.com,Research and Development,121212.74
Warne,Ami,awarne36@fotki.com,Product Management,60908.56
Gomersall,Loleta,lgomersall37@geocities.com,Engineering,123922.66
Bachmann,Marielle,mbachmann38@forbes.com,Research and Development,135403.56
Sawfoot,Royce,rsawfoot39@hexun.com,Human Resources,106990.41
Lambol,Yasmeen,ylambol3a@mozilla.org,Research and Development,146545.73
Hazelgrove,Beatriz,bhazelgrove3b@diigo.com,Support,63329.64
Maasz,Neala,nmaasz3c@wordpress.org,Sales,61667.15
O'Cridigan,Donna,docridigan3d@amazon.co.jp,Marketing,121077.37
Vaux,Esmeralda,evaux3e@google.com.au,Services,65755.64
Ricioppo,Jocelyn,jricioppo3f@guardian.co.uk,Accounting,90111.99
Skentelbery,Lizzie,lskentelbery3g@hibu.com,Business Development,148983.69
Lacknor,Marilee,mlacknor3h@wiley.com,Legal,60497.87
Horley,Leia,lhorley3i@jugem.jp,Training,65017.68
Lechmere,Julian,jlechmere3j@slate.com,Accounting,130147.81
Tapply,Ruggiero,rtapply3k@lulu.com,Sales,111302.87
Fardo,Ingra,ifardo3l@google.ca,Business Development,95341.52
Smedley,Britteny,bsmedley3m@dyndns.org,Engineering,124074.78
Casali,Zorine,zcasali3n@dyndns.org,Engineering,120047.58
Dawnay,Kaleb,kdawnay3o@oaic.gov.au,Product Management,118204.78
Cornes,Hillary,hcornes3p@theguardian.com,Engineering,126319.21
Kuhl,Freemon,fkuhl3q@apache.org,Accounting,143287.03
Maffia,Del,dmaffia3r@marketwatch.com,Accounting,95421.88
Oliphard,Berna,boliphard3s@mysql.com,Human Resources,103505.55
Trenholm,Natka,ntrenholm3t@simplemachines.org,Product Management,56428.86
Swait,Linc,lswait3u@technorati.com,Accounting,83603.78
Vannar,Doti,dvannar3v@whitehouse.gov,Accounting,95697.23
Diegan,Timofei,tdiegan3w@ameblo.jp,Training,147336.22
Tebbutt,Grayce,gtebbutt3x@imdb.com,Marketing,68624.8
Mityushkin,Shep,smityushkin3y@dailymail.co.uk,Sales,85281.45
MacGillreich,Gregor,gmacgillreich3z@booking.com,Business Development,119258.3
Wilfing,Cort,cwilfing40@dropbox.com,Business Development,118368.94
Phette,Domini,dphette41@cafepress.com,Product Management,99813.72
Arnault,Bria,barnault42@ihg.com,Services,66879.81
Greve,Biron,bgreve43@cyberchimps.com,Engineering,113214.35
Tertre,Eba,etertre44@java.com,Services,72949.72
Caldecourt,Sukey,scaldecourt45@ucla.edu,Human Resources,62226.93
Carse,Reggy,rcarse46@mlb.com,Services,93430.61
Hauch,Alexine,ahauch47@yelp.com,Support,52048.72
McGonigal,Hermann,hmcgonigal48@chron.com,Human Resources,95478.66
Beasley,Fanchon,fbeasley49@unicef.org,Marketing,142927.28
Gilogly,Luciano,lgilogly4a@google.com,Accounting,78692.27
Sidney,Port,psidney4b@dell.com,Services,100622.23
Cucuzza,Genevra,gcucuzza4c@barnesandnoble.com,Training,104204.6
Sictornes,Philomena,psictornes4d@symantec.com,Business Development,119434.2
Gosford,Constantino,cgosford4e@ebay.com,Product Management,148063.66
Fearnill,Melli,mfearnill4f@columbia.edu,Marketing,113236.6
Curphey,Dee dee,dcurphey4g@un.org,Research and Development,69550.98
Schuricht,Micah,mschuricht4h@nature.com,Training,109584.29
Reddin,Zenia,zreddin4i@independent.co.uk,Business Development,117542.44
Fulcher,Fabian,ffulcher4j@rediff.com,Engineering,71753.16
Cromack,Janella,jcromack4k@noaa.gov,Sales,66345.98
Kellick,Harriette,hkellick4l@ucsd.edu,Support,64722.83
Hamper,Gaultiero,ghamper4m@youtu.be,Engineering,97500.43
Laverack,Jaquenetta,jlaverack4n@nba.com,Product Management,115589.41
Stratten,Manny,mstratten4o@mapquest.com,Engineering,116924.22
Pleasants,Aggi,apleasants4p@arizona.edu,Engineering,147023.99
