last_name,first_name,email,department,salary
Nuttall,Greg,gnuttall0@vimeo.com,Services,96545.11
Critchlow,Ashley,acritchlow1@ted.com,Accounting,118264.04
Stubbe,Biron,bstubbe2@cnet.com,Accounting,149711.85
Cabedo,Zared,zcabedo3@ucoz.ru,Sales,51833.74
Ashdown,Jobi,jashdown4@spiegel.de,Support,110132.46
Timperley,Con,ctimperley5@buzzfeed.com,Legal,145380.71
Grunder,Christabella,cgrunder6@themeforest.net,Product Management,55206.22
Lanchester,Darda,dlanchester7@delicious.com,Product Management,110976.99
Elcocks,Penelopa,pelcocks8@123-reg.co.uk,Accounting,78557.08
Flitcroft,Merrel,mflitcroft9@addthis.com,Research and Development,145667.75
