last_name,first_name,email,department,salary
Fabbro,Hermy,hfabbro0@jalbum.net,Training,50075.36
Withrop,Carny,cwithrop1@baidu.com,Sales,78455.64
Haggeth,Latia,lhaggeth2@engadget.com,Marketing,137530.69
Giacopini,Avis,agiacopini3@flavors.me,Services,125712.59
Meehan,Dorothea,dmeehan4@go.com,Services,87570.9
Grinaway,Casandra,cgrinaway5@mashable.com,Training,82599.88
Prangley,Job,jprangley6@irs.gov,Business Development,81029.45
Doyle,Trina,tdoyle7@baidu.com,Services,69361.05
Hymas,Debee,dhymas8@home.pl,Marketing,72331.61
Aleksahkin,Gallagher,galeksahkin9@typepad.com,Product Management,94826.25
Mountford,Roxy,rmountforda@instagram.com,Business Development,95580.38
Corcoran,Ninetta,ncorcoranb@acquirethisname.com,Sales,87283.4
Bushnell,Alleyn,abushnellc@dyndns.org,Training,61973.74
Bourget,Tully,tbourgetd@elpais.com,Engineering,61075.69
Braithwait,Delaney,dbraithwaite@pen.io,Sales,73103.21
Wisden,Annmarie,awisdenf@ihg.com,Support,79591.98
Diamant,Correy,cdiamantg@soup.io,Support,92790.33
Stoker,Cristine,cstokerh@deliciousdays.com,Training,103261.31
Thrift,Jephthah,jthrifti@businessweek.com,Accounting,72436.11
Asquez,Brandea,basquezj@house.gov,Accounting,81318.07
Dorricott,Aguste,adorricottk@nba.com,Engineering,129566.46
Schirok,Ricky,rschirokl@tamu.edu,Marketing,141228.52
Billsberry,Wilden,wbillsberrym@nps.gov,Marketing,85188.57
Foker,Jourdain,jfokern@stanford.edu,Engineering,81949.61
Brussell,Glenda,gbrussello@nih.gov,Human Resources,50633.38
Keep,Elsi,ekeepp@google.nl,Research and Development,138914.97
Fieldsend,Walsh,wfieldsendq@fotki.com,Human Resources,87562.09
Voas,Petronia,pvoasr@ezinearticles.com,Training,82060.71
Lancashire,Norbert,nlancashires@columbia.edu,Human Resources,89021.13
Lasty,Bart,blastyt@army.mil,Product Management,79764.99
Durek,Midge,mdureku@jimdo.com,Research and Development,65463.58
Diviney,Rancell,rdivineyv@irs.gov,Services,113138.43
Lessmare,Star,slessmarew@tamu.edu,Legal,67406.16
Coplestone,Saloma,scoplestonex@github.com,Product Management,93243.36
Taylot,Lidia,ltayloty@zimbio.com,Marketing,139877.29
Jankin,Marjie,mjankinz@bluehost.com,Research and Development,54052.14
Oliphand,Nikki,noliphand10@wordpress.org,Marketing,139622.86
Ringham,Dew,dringham11@cnn.com,Engineering,144241.65
Gutierrez,Gilbertina,ggutierrez12@umn.edu,Services,119727.6
Beddis,Brear,bbeddis13@walmart.com,Support,148456.71
Mackness,Marsiella,mmackness14@skype.com,Accounting,149445.4
Dell'Abbate,Dulci,ddellabbate15@lycos.com,Business Development,128205.41
Deverille,Diann,ddeverille16@bluehost.com,Research and Development,119911.87
Vlies,Yvon,yvlies17@simplemachines.org,Accounting,104566.27
Drysdale,Roxie,rdrysdale18@dmoz.org,Support,92180.82
Gepp,Bethena,bgepp19@army.mil,Marketing,121491.63
Rishman,Quincy,qrishman1a@hatena.ne.jp,Marketing,55008.66
Crudgington,Jacqueline,jcrudgington1b@cbslocal.com,Engineering,121353.43
Rumbelow,Lay,lrumbelow1c@multiply.com,Marketing,119132.11
Corey,Kermy,kcorey1d@imdb.com,Research and Development,75675.3
Gilbride,Reese,rgilbride1e@umich.edu,Legal,53886.3
Itzakovitz,Arlinda,aitzakovitz1f@hugedomains.com,Research and Development,116894.2
Bernardino,Joellen,jbernardino1g@chicagotribune.com,Marketing,81673.76
Pink,Pamela,ppink1h@nba.com,Business Development,87570.43
Carus,Pauly,pcarus1i@webmd.com,Sales,78023.84
Jeffels,Caitlin,cjeffels1j@wiley.com,Research and Development,65739.64
O' Mullane,Mable,momullane1k@pagesperso-orange.fr,Training,121341.77
Vella,Wit,wvella1l@digg.com,Research and Development,112330.84
Brando,Hetty,hbrando1m@networksolutions.com,Accounting,73376.54
Tamburi,Lola,ltamburi1n@salon.com,Marketing,53788.05
Butfield,Hillyer,hbutfield1o@t-online.de,Research and Development,110926.63
Cancott,Donna,dcancott1p@dot.gov,Marketing,139788.87
Mealham,Gannie,gmealham1q@technorati.com,Engineering,86817.74
Beasleigh,Petr,pbeasleigh1r@cbsnews.com,Human Resources,127906.94
Murcott,Brade,bmurcott1s@etsy.com,Research and Development,141358.56
Stickells,Nikola,nstickells1t@ow.ly,Business Development,140586.31
Fitch,Veronica,vfitch1u@blogger.com,Sales,90749.73
Vaines,Reed,rvaines1v@posterous.com,Accounting,63756.87
Fonquernie,Frederick,ffonquernie1w@unc.edu,Training,99087.25
Liddle,Cleon,cliddle1x@icio.us,Marketing,84758.18
Yatman,Lindy,lyatman1y@craigslist.org,Engineering,147327.87
Brailey,Ofella,obrailey1z@prweb.com,Legal,135832.52
Upchurch,Giselbert,gupchurch20@dedecms.com,Product Management,102626.21
Clemenza,Nicholle,nclemenza21@github.com,Business Development,81177.38
Lamcken,Katheryn,klamcken22@xinhuanet.com,Support,82986.97
Spinke,Dane,dspinke23@123-reg.co.uk,Product Management,57286.9
Lieb,Ivett,ilieb24@google.com.hk,Engineering,55968.32
Scoone,Alys,ascoone25@zimbio.com,Legal,77110.81
Falls,Arch,afalls26@aol.com,Support,78716.68
Aldis,Humfried,haldis27@google.es,Legal,85699.29
Berndtssen,Lebbie,lberndtssen28@feedburner.com,Product Management,130987.03
Themann,Shandie,sthemann29@seattletimes.com,Sales,138347.39
Stainer,Claudine,cstainer2a@cnn.com,Engineering,50109.78
Harsent,Curran,charsent2b@usgs.gov,Research and Development,70417.96
Rolfo,Sheila-kathryn,srolfo2c@rediff.com,Legal,129314.22
Nesey,Zack,znesey2d@lulu.com,Engineering,97316.5
Martinovic,Angele,amartinovic2e@dion.ne.jp,Engineering,78119.1
Kitchaside,Rebe,rkitchaside2f@cisco.com,Services,116740.79
Menezes,Allissa,amenezes2g@so-net.ne.jp,Marketing,51767.35
Cheater,Alayne,acheater2h@sogou.com,Marketing,74143.99
Ravilus,Britt,bravilus2i@independent.co.uk,Training,72851.54
Elden,Gauthier,gelden2j@ifeng.com,Training,122199.58
Guillon,Mathilda,mguillon2k@plala.or.jp,Services,138087.54
Burtenshaw,Karylin,kburtenshaw2l@howstuffworks.com,Human Resources,120268.35
Boustead,Raff,rboustead2m@typepad.com,Business Development,72531.27
Skeene,Lauren,lskeene2n@marketwatch.com,Human Resources,97978.75
Guiu,Karlik,kguiu2o@rakuten.co.jp,Business Development,94877.69
Gullyes,Mahmoud,mgullyes2p@oaic.gov.au,Support,58097.0
Argo,Isa,iargo2q@shareasale.com,Human Resources,93331.47
Gyenes,Aguistin,agyenes2r@fastcompany.com,Product Management,56488.17
Arnot,Reggis,rarnot2s@virginia.edu,Training,136711.45
Bothe,Bengt,bbothe2t@rediff.com,Research and Development,66016.25
Geffinger,Loydie,lgeffinger2u@tripadvisor.com,Sales,102966.63
Thomann,Miguela,mthomann2v@unesco.org,Legal,100619.46
Wilderspoon,Kore,kwilderspoon2w@sogou.com,Research and Development,111248.18
Wolver,Meaghan,mwolver2x@businesswire.com,Business Development,106233.43
Spandley,Krishna,kspandley2y@smh.com.au,Support,65191.5
Lothlorien,Gwenore,glothlorien2z@microsoft.com,Product Management,111996.94
Scanterbury,Gael,gscanterbury30@guardian.co.uk,Training,54865.77
Tuck,Greer,gtuck31@epa.gov,Sales,89638.1
Peare,Norina,npeare32@tinyurl.com,Services,65711.85
Oddie,Neill,noddie33@ted.com,Accounting,54108.58
O'Donovan,Ealasaid,eodonovan34@utexas.edu,Product Management,128178.14
Nutbeem,Wanda,wnutbeem35@biblegateway.com,Research and Development,87609.86
Bulbrook,Mozelle,mbulbrook36@yahoo.co.jp,Support,130754.56
Grinyer,Rawley,rgrinyer37@cpanel.net,Training,73781.78
Noddings,Deedee,dnoddings38@bbb.org,Training,93933.51
Embra,Vern,vembra39@imdb.com,Research and Development,147524.45
Mosdell,Sile,smosdell3a@posterous.com,Marketing,58834.64
Bawcock,Savina,sbawcock3b@bravesites.com,Legal,55078.55
Pittman,Tracey,tpittman3c@sciencedirect.com,Services,83326.06
Gosling,Aileen,agosling3d@smh.com.au,Sales,96542.05
Fardo,Pietra,pfardo3e@goo.gl,Accounting,81406.74
Chittleburgh,Rayshell,rchittleburgh3f@opensource.org,Research and Development,99964.75
Goodayle,Mart,mgoodayle3g@ebay.co.uk,Engineering,62774.5
Killik,Lovell,lkillik3h@soup.io,Services,59466.1
Geratt,Vaughan,vgeratt3i@facebook.com,Legal,112374.41
Kenelin,Jaymee,jkenelin3j@instagram.com,Services,128656.11
Melby,Abagail,amelby3k@pcworld.com,Human Resources,133649.78
Merck,Galvin,gmerck3l@nbcnews.com,Engineering,108907.04
Cattellion,Albrecht,acattellion3m@purevolume.com,Services,74347.03
Smales,Kalie,ksmales3n@unc.edu,Sales,149144.68
Larmet,Winston,wlarmet3o@live.com,Accounting,60856.11
Sivyour,Ara,asivyour3p@timesonline.co.uk,Marketing,89491.89
Duddan,Barbabas,bduddan3q@a8.net,Training,78763.94
Zanneli,Anna,azanneli3r@linkedin.com,Services,115299.61
Urwen,Philippine,purwen3s@illinois.edu,Business Development,83916.9
Dadge,Harlan,hdadge3t@facebook.com,Marketing,58151.51
Gammill,Kit,kgammill3u@stumbleupon.com,Engineering,101563.66
Juliano,Marcile,mjuliano3v@wix.com,Business Development,93931.31
Fitzmaurice,Uriel,ufitzmaurice3w@taobao.com,Accounting,55989.54
Arnecke,Letitia,larnecke3x@hugedomains.com,Sales,53946.4
Jakubovics,Godfree,gjakubovics3y@seattletimes.com,Support,121475.21
Tersay,Nanny,ntersay3z@ask.com,Marketing,73433.31
Whelan,Antoni,awhelan40@devhub.com,Engineering,109561.51
Hryskiewicz,Dory,dhryskiewicz41@google.es,Business Development,75756.58
Hawking,Claudia,chawking42@symantec.com,Product Management,96978.44
Jentzsch,Noreen,njentzsch43@dedecms.com,Training,59360.03
Vannar,Laurette,lvannar44@people.com.cn,Sales,67717.26
Wands,Early,ewands45@mit.edu,Business Development,149294.72
Durie,Sandye,sdurie46@webeden.co.uk,Engineering,69897.3
Smissen,Waring,wsmissen47@netlog.com,Accounting,98595.86
Bevar,Derward,dbevar48@dropbox.com,Business Development,95862.59
Esberger,Valenka,vesberger49@hhs.gov,Research and Development,110851.79
Dowzell,Fern,fdowzell4a@trellian.com,Research and Development,96979.14
Jeffryes,Brock,bjeffryes4b@cnbc.com,Legal,64182.51
Dulanty,Calypso,cdulanty4c@google.es,Research and Development,62245.54
Zapater,Ingaberg,izapater4d@mayoclinic.com,Accounting,143256.23
Cuddehy,Alexi,acuddehy4e@cyberchimps.com,Sales,114839.48
Grayer,Lesly,lgrayer4f@archive.org,Support,70021.11
Boake,Virgil,vboake4g@virginia.edu,Business Development,70144.41
Milksop,Kyrstin,kmilksop4h@zimbio.com,Training,130691.53
Melville,Blaine,bmelville4i@vk.com,Engineering,114484.01
Hodjetts,Nikolaus,nhodjetts4j@wired.com,Sales,139191.76
Rampley,Zsazsa,zrampley4k@tmall.com,Marketing,53265.22
Androsik,Holt,handrosik4l@craigslist.org,Services,80740.19
Van,Ardenia,avan4m@posterous.com,Accounting,122349.78
Franzelini,Orland,ofranzelini4n@multiply.com,Product Management,66291.98
Effnert,Jania,jeffnert4o@blogs.com,Marketing,63100.38
Romney,Frasier,fromney4p@google.co.jp,Research and Development,78902.95
Lawlee,Dennet,dlawlee4q@about.com,Training,105138.68
Pote,Bettye,bpote4r@linkedin.com,Product Management,102087.7
Collinette,Forrester,fcollinette4s@ucsd.edu,Services,119816.44
Springthorp,Freeland,fspringthorp4t@nbcnews.com,Services,126721.79
Diggle,Noreen,ndiggle4u@blogtalkradio.com,Training,51088.0
Sitch,Anjela,asitch4v@indiegogo.com,Accounting,116812.81
Showt,Jandy,jshowt4w@wsj.com,Business Development,101716.07
Erat,Sebastien,serat4x@nasa.gov,Human Resources,138263.98
Kaplin,Richardo,rkaplin4y@businesswire.com,Training,78312.35
Anstie,Thalia,tanstie4z@cnbc.com,Support,64199.4
Downs,Averil,adowns50@blogtalkradio.com,Product Management,96899.2
Gally,Allissa,agally51@behance.net,Engineering,76666.57
McDermott-Row,Joy,jmcdermottrow52@scribd.com,Research and Development,147031.74
Hancill,Christophorus,chancill53@unblog.fr,Engineering,134319.04
Lympany,Aldo,alympany54@w3.org,Product Management,71498.5
Nizard,Sammy,snizard55@phpbb.com,Product Management,77187.79
Reeman,Sharline,sreeman56@epa.gov,Legal,141607.52
Leiden,Kiley,kleiden57@macromedia.com,Business Development,89584.58
Shepstone,Ninnetta,nshepstone58@istockphoto.com,Product Management,132540.32
Privett,Filide,fprivett59@mashable.com,Marketing,108027.27
Bacon,Liv,lbacon5a@over-blog.com,Legal,53615.92
Reagan,Willette,wreagan5b@artisteer.com,Accounting,123661.56
MacGoun,Guglielma,gmacgoun5c@ameblo.jp,Support,65539.06
Commin,Zedekiah,zcommin5d@craigslist.org,Legal,97538.17
Irvin,Gertrudis,girvin5e@telegraph.co.uk,Engineering,119674.93
Mosdell,Rania,rmosdell5f@wikipedia.org,Sales,74697.94
Fear,Silvain,sfear5g@yelp.com,Training,117059.45
Marusic,Marget,mmarusic5h@xing.com,Accounting,85558.61
Feasley,Theobald,tfeasley5i@flickr.com,Human Resources,106982.28
March,Missie,mmarch5j@chronoengine.com,Support,74420.95
Syfax,Marielle,msyfax5k@mozilla.com,Research and Development,122654.47
Valek,Laurice,lvalek5l@slate.com,Business Development,134763.03
Barnewille,Valli,vbarnewille5m@princeton.edu,Support,51545.88
Wynrehame,Agatha,awynrehame5n@nba.com,Business Development,77267.49
Moggle,Caspar,cmoggle5o@phpbb.com,Human Resources,142127.66
Frith,Jone,jfrith5p@howstuffworks.com,Human Resources,85519.44
Jozwiak,Mitchael,mjozwiak5q@squidoo.com,Legal,85952.68
Fursey,Bent,bfursey5r@lulu.com,Services,70622.88
Turfin,Constancy,cturfin5s@nature.com,Product Management,148303.28
Heenan,Merv,mheenan5t@biblegateway.com,Marketing,60275.76
Sreenan,Rowan,rsreenan5u@ucoz.com,Human Resources,50993.66
Andreuzzi,Edyth,eandreuzzi5v@house.gov,Training,55707.43
Vaszoly,Isadora,ivaszoly5w@about.me,Accounting,106491.46
Whithalgh,Ingemar,iwhithalgh5x@unblog.fr,Marketing,131698.54
Segge,Torrie,tsegge5y@prweb.com,Product Management,131589.72
Wigfall,Wakefield,wwigfall5z@jalbum.net,Research and Development,59403.53
Mc Queen,Cosette,cmcqueen60@businesswire.com,Marketing,115577.91
Cullen,Berthe,bcullen61@apple.com,Support,59899.65
Gumm,Rowe,rgumm62@omniture.com,Marketing,75643.69
Fost,Katrina,kfost63@facebook.com,Accounting,98968.28
Tizzard,Ceciley,ctizzard64@cbslocal.com,Engineering,99178.96
Starkings,Cross,cstarkings65@apache.org,Legal,84835.54
Ryde,Galen,gryde66@ftc.gov,Accounting,73913.17
Carnachen,Karon,kcarnachen67@webeden.co.uk,Services,123133.73
Lagneaux,Laurie,llagneaux68@woothemes.com,Marketing,92958.12
Weild,Wynny,wweild69@google.de,Sales,118358.08
Taggert,Ronald,rtaggert6a@ihg.com,Research and Development,81847.61
Castagneri,Kikelia,kcastagneri6b@uol.com.br,Support,141694.32
Cuffe,Alyss,acuffe6c@samsung.com,Training,72251.61
Andreassen,Tybalt,tandreassen6d@nba.com,Product Management,94275.09
Paling,Jaymee,jpaling6e@t.co,Business Development,91918.33
Castanie,Ann-marie,acastanie6f@mapy.cz,Human Resources,116463.95
Horche,Kathie,khorche6g@sina.com.cn,Business Development,73966.75
Sacks,Misha,msacks6h@google.co.uk,Training,136620.5
Wennington,Duke,dwennington6i@scribd.com,Accounting,148497.67
Marusik,Min,mmarusik6j@bandcamp.com,Research and Development,67966.76
Canadine,Ellette,ecanadine6k@amazon.de,Research and Development,80219.21
Billington,Christan,cbillington6l@51.la,Research and Development,98472.63
Gobbet,Shaylah,sgobbet6m@cargocollective.com,Training,102571.84
Mewton,Niko,nmewton6n@icq.com,Support,125392.64
Paradise,Janie,jparadise6o@gmpg.org,Marketing,129235.02
Polkinhorn,Gustav,gpolkinhorn6p@hc360.com,Training,121261.79
Castaner,Rey,rcastaner6q@blogspot.com,Marketing,132906.03
Prahl,Sutherland,sprahl6r@sina.com.cn,Support,130473.01
Murr,Esmaria,emurr6s@fema.gov,Engineering,94023.69
McLewd,Myrtie,mmclewd6t@netscape.com,Business Development,135071.82
Buckston,Alaine,abuckston6u@nsw.gov.au,Accounting,101658.71
Luciani,Serge,sluciani6v@statcounter.com,Legal,53409.62
Franzonetti,Gianni,gfranzonetti6w@rambler.ru,Engineering,72533.69
Brass,Rozella,rbrass6x@addtoany.com,Services,79241.43
