last_name,first_name,email,department,salary
Lorain,Moss,mlorain0@google.de,Legal,56551.69
Shatliff,Dorothee,dshatliff1@si.edu,Training,120834.27
Bartlet,Natasha,nbartlet2@senate.gov,Support,98326.7
Swinnerton,Aida,aswinnerton3@g.co,Engineering,102405.45
Tal,Matti,mtal4@ifeng.com,Sales,82513.97
Farnhill,Hadria,hfarnhill5@bandcamp.com,Engineering,76834.03
Cholerton,Morgan,mcholerton6@mysql.com,Sales,118579.28
Conor,Tommie,tconor7@woothemes.com,Marketing,109376.21
Kirgan,Marion,mkirgan8@twitter.com,Sales,87403.72
Edlyne,Ree,redlyne9@histats.com,Business Development,122968.2
Mell,Giffie,gmella@sphinn.com,Engineering,110096.98
Beckham,Magdalena,mbeckhamb@g.co,Marketing,57864.17
Gwinn,Amelie,agwinnc@canalblog.com,Sales,129115.71
De'Ath,Torin,tdeathd@51.la,Marketing,65442.54
Clayal,Tabitha,tclayale@g.co,Engineering,57580.48
Carbry,Quinn,qcarbryf@illinois.edu,Research and Development,64562.72
Adamolli,Alanah,aadamollig@army.mil,Engineering,79573.56
Bosch,Tailor,tboschh@wordpress.com,Marketing,121287.83
Hoodlass,Aida,ahoodlassi@ucoz.ru,Product Management,51179.26
Devany,Etan,edevanyj@cpanel.net,Marketing,98176.24
Shuttell,Clarie,cshuttellk@cornell.edu,Support,94900.45
Dibner,Halie,hdibnerl@cam.ac.uk,Engineering,100664.84
Jonke,Ardella,ajonkem@alibaba.com,Research and Development,118415.04
Keech,Odella,okeechn@apple.com,Accounting,145613.0
Drewery,Adrian,adreweryo@so-net.ne.jp,Human Resources,130854.93
Korneichik,Anne-marie,akorneichikp@mac.com,Training,123289.91
Brolan,Micky,mbrolanq@howstuffworks.com,Product Management,142052.74
Trim,Roland,rtrimr@amazon.co.uk,Human Resources,86900.86
Lawling,Deonne,dlawlings@bing.com,Services,91402.5
Parffrey,Dalton,dparffreyt@mysql.com,Sales,87059.71
Ollett,Estevan,eollettu@aol.com,Marketing,115018.53
Stearnes,Cymbre,cstearnesv@state.gov,Services,65263.65
O'Fallone,Ezra,eofallonew@e-recht24.de,Services,145396.86
Cove,Bidget,bcovex@xinhuanet.com,Product Management,93895.58
Sollam,Bendick,bsollamy@japanpost.jp,Marketing,78131.07
Scanderet,Finn,fscanderetz@weebly.com,Engineering,138156.5
Conradsen,Bat,bconradsen10@mayoclinic.com,Accounting,118863.12
McKeever,Yul,ymckeever11@addtoany.com,Engineering,54690.83
Jaray,Feliza,fjaray12@comsenz.com,Legal,136619.54
Etherington,Eloisa,eetherington13@gnu.org,Legal,114353.14
Coverdill,Redd,rcoverdill14@unicef.org,Business Development,144681.61
Klima,Avie,aklima15@toplist.cz,Product Management,90151.64
Howitt,Joell,jhowitt16@miibeian.gov.cn,Product Management,129123.82
Loadwick,Cello,cloadwick17@slideshare.net,Business Development,80210.82
Eliyahu,Dionis,deliyahu18@printfriendly.com,Support,108042.56
Boss,Jamill,jboss19@mapquest.com,Legal,63944.42
Floyed,Lebbie,lfloyed1a@howstuffworks.com,Engineering,147069.17
Gilleson,Kimbra,kgilleson1b@columbia.edu,Marketing,115621.66
Ingman,Jaymee,jingman1c@uol.com.br,Support,103975.52
Mulford,Nickola,nmulford1d@ucsd.edu,Services,65686.13
Pratt,Tamar,tpratt1e@de.vu,Services,68714.93
Deedes,Marc,mdeedes1f@usa.gov,Business Development,126865.75
Biaggioni,Ninetta,nbiaggioni1g@nasa.gov,Business Development,86059.56
Botham,Marjie,mbotham1h@technorati.com,Support,62614.45
Bolstridge,Analise,abolstridge1i@patch.com,Legal,89098.28
Van der Hoven,Maddalena,mvanderhoven1j@ox.ac.uk,Product Management,130180.07
Heindrick,Sully,sheindrick1k@uiuc.edu,Engineering,142501.82
Gutch,Cyril,cgutch1l@ifeng.com,Marketing,110428.76
Hurlston,Candra,churlston1m@census.gov,Research and Development,53642.66
Natwick,Jack,jnatwick1n@japanpost.jp,Accounting,54251.57
Southerns,Bryana,bsoutherns1o@cafepress.com,Accounting,119984.2
Henkens,Kinna,khenkens1p@canalblog.com,Sales,124917.34
Hazlewood,Freida,fhazlewood1q@wikimedia.org,Services,87565.73
Carletti,Maddie,mcarletti1r@people.com.cn,Product Management,73603.06
Aronin,Ree,raronin1s@wp.com,Product Management,84979.96
Lewtey,Kira,klewtey1t@mashable.com,Marketing,50792.6
Gallehock,Ailina,agallehock1u@youtu.be,Business Development,133843.02
Peperell,Birgit,bpeperell1v@bluehost.com,Marketing,90337.2
Haller,Alanson,ahaller1w@salon.com,Research and Development,63999.38
McErlaine,Viv,vmcerlaine1x@china.com.cn,Engineering,120588.41
Iacovucci,Charlie,ciacovucci1y@bigcartel.com,Marketing,125981.63
Cleveland,Jillie,jcleveland1z@ameblo.jp,Support,107954.6
Cardon,Evaleen,ecardon20@sfgate.com,Marketing,144904.21
Spellar,Portia,pspellar21@mapquest.com,Engineering,59965.48
Lieber,Erinna,elieber22@furl.net,Support,111626.19
Smalridge,Brendin,bsmalridge23@technorati.com,Research and Development,68871.33
Serman,Dionis,dserman24@tamu.edu,Support,89347.01
Dimeloe,Barde,bdimeloe25@deviantart.com,Legal,96132.71
Irlam,Polly,pirlam26@hostgator.com,Business Development,65628.71
Scarsbrick,Tabbatha,tscarsbrick27@angelfire.com,Support,135994.44
Caiger,Ewart,ecaiger28@sbwire.com,Sales,118343.27
Leber,Glory,gleber29@statcounter.com,Human Resources,113520.01
Dobey,Pollyanna,pdobey2a@instagram.com,Sales,79501.89
Boniface,Hortensia,hboniface2b@gov.uk,Business Development,100856.41
Rominov,Judd,jrominov2c@imgur.com,Services,50962.96
Tapson,Rocky,rtapson2d@opera.com,Services,112676.71
Shermore,Teirtza,tshermore2e@cornell.edu,Support,146929.54
Cumesky,Jorge,jcumesky2f@linkedin.com,Engineering,110978.87
Roft,Ardelle,aroft2g@diigo.com,Accounting,63978.36
Brightman,Bartie,bbrightman2h@github.io,Legal,95657.98
Lieb,Stafford,slieb2i@ted.com,Training,93312.57
Hudspeth,Binky,bhudspeth2j@sina.com.cn,Accounting,65083.31
Bettis,Ariel,abettis2k@storify.com,Accounting,64236.06
Tynan,Charlot,ctynan2l@xrea.com,Legal,107048.64
Champerlen,Martelle,mchamperlen2m@godaddy.com,Business Development,115887.57
Stock,Dominique,dstock2n@gmpg.org,Product Management,96017.54
Lefeaver,Brittan,blefeaver2o@printfriendly.com,Human Resources,125804.93
Waylett,Norina,nwaylett2p@ebay.com,Product Management,63952.99
Leyzell,Vivie,vleyzell2q@vimeo.com,Marketing,56904.15
Edney,Giacobo,gedney2r@mayoclinic.com,Sales,58476.2
Bitten,Nita,nbitten2s@shutterfly.com,Engineering,82519.71
Seamen,Des,dseamen2t@mysql.com,Accounting,110791.94
Sifleet,Delainey,dsifleet2u@nps.gov,Marketing,117456.32
Vogl,Godfree,gvogl2v@lycos.com,Services,113704.94
Hillatt,Reagen,rhillatt2w@digg.com,Research and Development,82527.01
Yoxen,Boris,byoxen2x@dmoz.org,Product Management,147404.29
Hiom,Gertrud,ghiom2y@booking.com,Research and Development,98180.54
McQuode,Tanhya,tmcquode2z@cnbc.com,Sales,131041.05
Darnbrook,Annice,adarnbrook30@google.es,Human Resources,128331.05
Rignall,Falkner,frignall31@github.io,Business Development,87218.02
Bendik,Stephan,sbendik32@economist.com,Research and Development,140757.98
Ormiston,Arturo,aormiston33@nbcnews.com,Product Management,57079.77
Ayers,Bryana,bayers34@guardian.co.uk,Sales,65053.95
Finneran,Rania,rfinneran35@i2i.jp,Training,130614.73
Duddy,Caye,cduddy36@nsw.gov.au,Services,95425.03
Redmell,Callean,credmell37@meetup.com,Support,99354.55
Lepope,Gabriele,glepope38@google.com,Business Development,59736.8
Weare,Veronique,vweare39@imageshack.us,Marketing,110212.8
Ramberg,Christyna,cramberg3a@weibo.com,Accounting,99423.83
Jonson,Patricia,pjonson3b@apache.org,Research and Development,144782.08
Munt,Cleon,cmunt3c@ucla.edu,Accounting,146984.11
Robert,Yettie,yrobert3d@bbb.org,Marketing,81268.62
Hallward,Juliane,jhallward3e@uol.com.br,Accounting,136735.82
Volante,Matthias,mvolante3f@illinois.edu,Support,89629.55
Dwerryhouse,Steven,sdwerryhouse3g@desdev.cn,Sales,56012.1
Sainte Paul,Jemimah,jsaintepaul3h@scribd.com,Support,115332.51
Kermode,Helaina,hkermode3i@epa.gov,Services,52669.99
Placide,Carlota,cplacide3j@sogou.com,Research and Development,104412.0
Posse,Fredrick,fposse3k@barnesandnoble.com,Accounting,109706.36
Piesing,Suellen,spiesing3l@wp.com,Research and Development,128797.93
Oxtoby,Livy,loxtoby3m@cloudflare.com,Accounting,110628.38
Draaisma,Cherin,cdraaisma3n@angelfire.com,Research and Development,144808.54
Starbucke,Timotheus,tstarbucke3o@newyorker.com,Business Development,53815.33
Stops,Malva,mstops3p@ameblo.jp,Services,51113.19
Antonias,Carmen,cantonias3q@wufoo.com,Business Development,130050.06
Duckerin,Melina,mduckerin3r@unesco.org,Research and Development,140507.2
Peeke,Bendix,bpeeke3s@slate.com,Engineering,61246.1
Aleavy,Lenard,laleavy3t@yahoo.com,Legal,67310.73
Nottram,Bradney,bnottram3u@shop-pro.jp,Legal,56098.82
Blaycock,Adore,ablaycock3v@dagondesign.com,Marketing,84901.41
Renals,Chaddie,crenals3w@walmart.com,Engineering,68502.28
Moisey,Ron,rmoisey3x@youku.com,Sales,78207.65
Cucinotta,Maryanne,mcucinotta3y@microsoft.com,Business Development,115347.91
Izacenko,Julietta,jizacenko3z@telegraph.co.uk,Sales,69840.32
Hanburry,Maggi,mhanburry40@cbc.ca,Engineering,55803.6
Derington,Cirillo,cderington41@statcounter.com,Legal,77196.92
Elnough,Jessie,jelnough42@prnewswire.com,Engineering,68159.31
Thring,Laverne,lthring43@sitemeter.com,Product Management,91138.34
Skirven,Jillian,jskirven44@topsy.com,Marketing,132199.34
Franiak,Chelsy,cfraniak45@gizmodo.com,Sales,61920.24
Briskey,Mathilde,mbriskey46@alibaba.com,Training,115426.94
Woodyear,Catrina,cwoodyear47@nymag.com,Sales,146053.41
Peerman,Yoshiko,ypeerman48@sina.com.cn,Sales,60093.17
Ferrillo,Berty,bferrillo49@utexas.edu,Accounting,68680.94
Wincom,Anthea,awincom4a@yolasite.com,Product Management,109737.27
McGrann,Oby,omcgrann4b@etsy.com,Accounting,105557.29
O'Kennedy,Salvidor,sokennedy4c@gravatar.com,Legal,98115.82
Casazza,Eachelle,ecasazza4d@google.nl,Research and Development,93833.17
Currum,Clement,ccurrum4e@hostgator.com,Marketing,59126.45
Town,Rene,rtown4f@cargocollective.com,Business Development,101095.06
Miettinen,Tuesday,tmiettinen4g@quantcast.com,Research and Development,109597.71
Heimes,Charis,cheimes4h@shop-pro.jp,Legal,123986.24
Morhall,Lari,lmorhall4i@microsoft.com,Marketing,105071.07
Scrooby,Mathian,mscrooby4j@uol.com.br,Services,120732.96
Spellar,Brandon,bspellar4k@cargocollective.com,Business Development,59995.44
Kasbye,Marten,mkasbye4l@washington.edu,Support,52018.55
Rothermel,Emelia,erothermel4m@imageshack.us,Human Resources,72210.73
McClintock,Carmelia,cmcclintock4n@elpais.com,Legal,132582.05
Westlake,Paxton,pwestlake4o@state.gov,Engineering,77010.83
Sandland,Joela,jsandland4p@biblegateway.com,Human Resources,108898.56
Brislawn,Bennie,bbrislawn4q@technorati.com,Marketing,83916.19
Seagrave,Faye,fseagrave4r@loc.gov,Human Resources,132150.24
Ragborne,Jaquelyn,jragborne4s@typepad.com,Business Development,143067.7
Lovell,Humfried,hlovell4t@washington.edu,Research and Development,147890.45
Rounsefell,Annabal,arounsefell4u@tumblr.com,Engineering,88093.72
Cornwell,Agosto,acornwell4v@over-blog.com,Accounting,87999.21
McMeanma,Nealson,nmcmeanma4w@cbslocal.com,Accounting,98515.65
Casetti,Decca,dcasetti4x@vimeo.com,Human Resources,107589.57
Ciccottio,Cully,cciccottio4y@howstuffworks.com,Business Development,58218.76
Mander,Madlen,mmander4z@privacy.gov.au,Business Development,133111.14
Pendrigh,Skip,spendrigh50@ed.gov,Product Management,69367.49
Flageul,Ardyth,aflageul51@opensource.org,Engineering,59413.27
Addie,Fionna,faddie52@java.com,Research and Development,59015.77
Danniell,Eliza,edanniell53@ehow.com,Accounting,81770.08
Yablsley,Fae,fyablsley54@psu.edu,Support,124492.99
Schuster,Abelard,aschuster55@moonfruit.com,Support,93627.26
Grisewood,Marv,mgrisewood56@fotki.com,Business Development,144970.26
MacDermot,Gottfried,gmacdermot57@dropbox.com,Training,119696.58
Wilkison,Kristan,kwilkison58@dyndns.org,Support,120855.16
Bridat,Noll,nbridat59@joomla.org,Accounting,103807.32
Simkovitz,Lynn,lsimkovitz5a@freewebs.com,Sales,88079.13
Aylward,Christin,caylward5b@hostgator.com,Legal,113276.87
Reschke,Alta,areschke5c@who.int,Legal,143883.57
Collens,Carroll,ccollens5d@springer.com,Product Management,129579.71
Pope,Shelba,spope5e@newsvine.com,Training,90818.95
Mandell,Miranda,mmandell5f@google.es,Training,115826.0
Lightbown,Daphene,dlightbown5g@weather.com,Business Development,83224.84
Nicol,Micki,mnicol5h@shop-pro.jp,Research and Development,73541.84
Henbury,Maggy,mhenbury5i@indiegogo.com,Business Development,112651.98
Dionsetti,Xena,xdionsetti5j@go.com,Engineering,142846.47
Liles,Mitchael,mliles5k@ibm.com,Business Development,97896.96
Skea,Caren,cskea5l@phoca.cz,Services,123017.31
Crofts,Lora,lcrofts5m@engadget.com,Research and Development,146352.69
Inglefield,Aggi,ainglefield5n@army.mil,Support,112340.81
Tanton,Alvira,atanton5o@shinystat.com,Support,90293.14
Cicchillo,Morse,mcicchillo5p@slashdot.org,Business Development,71240.86
Swainsbury,Jenn,jswainsbury5q@freewebs.com,Research and Development,55625.21
Delf,Merle,mdelf5r@tumblr.com,Legal,122154.9
Perutto,Katee,kperutto5s@cbslocal.com,Accounting,125712.82
Merkel,Chloe,cmerkel5t@imdb.com,Engineering,95447.48
Stile,Ethelind,estile5u@sfgate.com,Services,107093.48
Van den Dael,Aleda,avandendael5v@chronoengine.com,Marketing,112943.19
Saw,Colan,csaw5w@dropbox.com,Sales,108717.96
Kerbler,Jarred,jkerbler5x@ucla.edu,Training,58983.41
Randles,Hammad,hrandles5y@desdev.cn,Business Development,148804.94
Mulderrig,Mata,mmulderrig5z@nydailynews.com,Research and Development,86190.54
Boatwright,Baron,bboatwright60@github.io,Marketing,103130.29
Allington,Tabbitha,tallington61@yandex.ru,Accounting,65073.39
Ambresin,Dolph,dambresin62@privacy.gov.au,Marketing,140074.77
Pellissier,Debbie,dpellissier63@technorati.com,Engineering,124023.88
Risby,Neal,nrisby64@earthlink.net,Services,91258.26
Klimschak,Nicholas,nklimschak65@pagesperso-orange.fr,Human Resources,127981.5
Cleaves,Moyra,mcleaves66@sbwire.com,Marketing,122899.11
Hawken,Gan,ghawken67@example.com,Engineering,97241.27
Waddingham,Ferdy,fwaddingham68@hhs.gov,Business Development,61358.47
Face,Carter,cface69@guardian.co.uk,Business Development,67239.09
Higgan,Kristoforo,khiggan6a@noaa.gov,Product Management,55396.32
Eickhoff,Amory,aeickhoff6b@addtoany.com,Product Management,69811.84
Bispo,Deny,dbispo6c@harvard.edu,Support,144271.26
Water,Goldie,gwater6d@webs.com,Research and Development,108838.48
Thys,Genny,gthys6e@shutterfly.com,Legal,139794.94
Beeckx,Cinda,cbeeckx6f@yandex.ru,Marketing,82567.11
Dasent,Velvet,vdasent6g@addthis.com,Marketing,133815.13
Crossfield,Steve,scrossfield6h@telegraph.co.uk,Legal,128084.19
Giacomini,Aeriel,agiacomini6i@hubpages.com,Support,95181.04
Woolnough,Abey,awoolnough6j@clickbank.net,Product Management,129808.21
Battram,Florian,fbattram6k@printfriendly.com,Engineering,57508.62
Hallworth,Myca,mhallworth6l@is.gd,Engineering,132003.18
Dunsmore,Berget,bdunsmore6m@bandcamp.com,Support,118646.56
Doeg,Morten,mdoeg6n@istockphoto.com,Legal,136810.31
Hinrichs,Jackson,jhinrichs6o@oakley.com,Marketing,77896.79
Liebrecht,Kaja,kliebrecht6p@sciencedaily.com,Support,126815.72
Lages,Ari,alages6q@theglobeandmail.com,Human Resources,127014.61
Pencot,Joela,jpencot6r@godaddy.com,Marketing,117029.42
Castanos,Kalli,kcastanos6s@buzzfeed.com,Training,88045.05
Pick,Jewelle,jpick6t@msn.com,Product Management,148114.95
Darben,Deane,ddarben6u@cocolog-nifty.com,Support,102594.54
Parren,Vallie,vparren6v@barnesandnoble.com,Engineering,135724.88
McIlraith,Pammie,pmcilraith6w@a8.net,Support,83361.95
Cockshutt,Joshuah,jcockshutt6x@plala.or.jp,Marketing,97258.42
Hanselman,Noreen,nhanselman6y@rambler.ru,Human Resources,104539.84
Way,Deva,dway6z@ibm.com,Services,69507.2
Thal,Trude,tthal70@symantec.com,Marketing,67847.21
Egre,Madelle,megre71@auda.org.au,Marketing,105951.55
Gleadhell,Thorpe,tgleadhell72@unc.edu,Business Development,63605.37
Bristowe,Edithe,ebristowe73@weibo.com,Sales,71048.32
Hounihan,Beulah,bhounihan74@netvibes.com,Support,100428.01
Biskupek,Wilow,wbiskupek75@tinyurl.com,Engineering,140247.06
Linklet,Jae,jlinklet76@loc.gov,Research and Development,82821.44
Errichelli,Orbadiah,oerrichelli77@github.com,Support,60994.73
Meehan,Bogart,bmeehan78@g.co,Support,118780.02
Keggin,Flossie,fkeggin79@networksolutions.com,Business Development,138439.26
Keely,Viola,vkeely7a@weebly.com,Sales,104691.73
Lafee,Fenelia,flafee7b@diigo.com,Business Development,144751.47
Kingcote,Bobine,bkingcote7c@ucoz.ru,Training,121644.55
Sneyd,Keefe,ksneyd7d@cnbc.com,Human Resources,70830.9
Chaim,Beverlee,bchaim7e@about.me,Legal,131377.77
Pape,Lila,lpape7f@imageshack.us,Research and Development,63518.44
Andrichak,Norris,nandrichak7g@toplist.cz,Engineering,143007.19
Longina,Kristyn,klongina7h@nydailynews.com,Product Management,103576.39
Simoncini,Michaeline,msimoncini7i@oaic.gov.au,Support,69220.43
Mee,Sunshine,smee7j@virginia.edu,Support,71355.08
Spurdon,Casey,cspurdon7k@addtoany.com,Sales,97775.89
Culverhouse,Freddy,fculverhouse7l@blogger.com,Engineering,62412.56
Tabrett,Gail,gtabrett7m@w3.org,Engineering,92849.98
Mokes,Walt,wmokes7n@weather.com,Support,131084.97
Willshaw,Teddie,twillshaw7o@umn.edu,Support,85751.75
Bolderoe,Sibbie,sbolderoe7p@sogou.com,Engineering,97720.5
Ciardo,Renata,rciardo7q@nhs.uk,Training,116149.96
Treace,Mathe,mtreace7r@engadget.com,Services,91003.35
Stinchcombe,Stefan,sstinchcombe7s@sbwire.com,Marketing,141786.0
Dugue,Vivian,vdugue7t@over-blog.com,Human Resources,56143.3
MacNess,Vernen,vmacness7u@studiopress.com,Engineering,88314.32
Bignold,Alejandra,abignold7v@flickr.com,Services,112243.64
Stammer,Dennie,dstammer7w@state.gov,Training,60429.29
Le Batteur,Emanuele,elebatteur7x@wsj.com,Human Resources,99983.14
Kastel,Kev,kkastel7y@devhub.com,Marketing,132707.95
De Anesy,Shaylynn,sdeanesy7z@foxnews.com,Human Resources,54891.4
Sheircliffe,Sumner,ssheircliffe80@prweb.com,Business Development,125021.86
Bollard,Nilson,nbollard81@state.gov,Legal,102142.17
Blagdon,Noah,nblagdon82@printfriendly.com,Human Resources,66572.82
Beeckx,Anatollo,abeeckx83@weebly.com,Training,115230.13
Royle,Eduino,eroyle84@barnesandnoble.com,Research and Development,107806.47
Libbey,Hallie,hlibbey85@hao123.com,Human Resources,143342.5
Marshalleck,Wernher,wmarshalleck86@wired.com,Support,57089.18
Hatwell,Rossie,rhatwell87@drupal.org,Support,94547.29
Trevains,Matthew,mtrevains88@yahoo.co.jp,Support,73752.93
Sandbach,Sal,ssandbach89@si.edu,Business Development,91420.01
Fontenot,Mose,mfontenot8a@instagram.com,Support,60791.99
Gingell,Libbey,lgingell8b@webmd.com,Marketing,135789.25
Frantsev,Kipper,kfrantsev8c@networksolutions.com,Services,98080.72
Common,Karim,kcommon8d@walmart.com,Marketing,149226.87
Greenhouse,Maggie,mgreenhouse8e@example.com,Business Development,146253.92
Breen,Astrid,abreen8f@hexun.com,Human Resources,116865.15
Colebrook,Elston,ecolebrook8g@reuters.com,Legal,105859.16
Whylie,Jerry,jwhylie8h@tinypic.com,Accounting,83155.31
Martina,Edi,emartina8i@joomla.org,Product Management,104226.0
Grinov,Jo ann,jgrinov8j@state.tx.us,Support,127159.46
Ledner,Tallulah,tledner8k@statcounter.com,Accounting,54472.52
Prestner,Francine,fprestner8l@vk.com,Marketing,124135.25
Coffin,Berkly,bcoffin8m@bizjournals.com,Business Development,85723.53
Sare,Bartholemy,bsare8n@ibm.com,Product Management,144985.15
Markushkin,Aluin,amarkushkin8o@illinois.edu,Support,55213.41
Croshaw,Pepita,pcroshaw8p@bing.com,Training,75893.6
Olivier,Brigit,bolivier8q@soup.io,Support,130172.06
Padgett,Lacy,lpadgett8r@ehow.com,Support,52424.84
Crosby,Brunhilda,bcrosby8s@dedecms.com,Human Resources,63925.5
Adne,Nettle,nadne8t@army.mil,Sales,75762.78
Lamy,Marcia,mlamy8u@buzzfeed.com,Engineering,103905.87
Nerney,Jonie,jnerney8v@fc2.com,Human Resources,121148.67
Normaville,Killy,knormaville8w@marriott.com,Human Resources,112381.76
True,Kristo,ktrue8x@godaddy.com,Accounting,107575.16
Baddoe,Martina,mbaddoe8y@examiner.com,Research and Development,90151.69
Swenson,Delilah,dswenson8z@go.com,Legal,114021.82
Rae,Lauralee,lrae90@narod.ru,Services,109882.03
Josephsen,Jerrold,jjosephsen91@amazon.de,Legal,86948.41
Lemonby,Sheba,slemonby92@dyndns.org,Accounting,116924.75
Whetton,Seka,swhetton93@hc360.com,Engineering,81608.15
Huey,Bran,bhuey94@netscape.com,Support,104797.33
Aliberti,Rice,raliberti95@nytimes.com,Sales,124319.47
Connick,Penni,pconnick96@who.int,Human Resources,131101.08
Jahns,Cyndy,cjahns97@sciencedirect.com,Services,54266.48
Whatford,Dael,dwhatford98@chicagotribune.com,Engineering,107457.71
Brunel,Jerrine,jbrunel99@google.ru,Services,109955.86
Sparrowhawk,Leelah,lsparrowhawk9a@de.vu,Marketing,80737.82
De Avenell,Otha,odeavenell9b@opera.com,Business Development,112633.27
Cannings,Sharyl,scannings9c@skyrock.com,Human Resources,78811.53
Moen,Arda,amoen9d@ovh.net,Training,89572.61
Beartup,Nicol,nbeartup9e@theguardian.com,Engineering,54875.65
Martinez,Martainn,mmartinez9f@soup.io,Sales,80440.63
Vasilchikov,Kile,kvasilchikov9g@mail.ru,Training,133571.76
Khidr,Lance,lkhidr9h@aboutads.info,Product Management,118508.44
Baish,Kellyann,kbaish9i@eventbrite.com,Accounting,69251.69
Greguol,Deeyn,dgreguol9j@si.edu,Services,142936.55
Moffet,Nicol,nmoffet9k@dmoz.org,Research and Development,104124.03
Grafhom,Quinn,qgrafhom9l@ameblo.jp,Business Development,76691.68
Posvner,Dredi,dposvner9m@discuz.net,Engineering,91442.42
Wisson,Caritta,cwisson9n@xrea.com,Marketing,106239.02
Theobald,Elizabet,etheobald9o@posterous.com,Sales,112730.66
Mowen,Kim,kmowen9p@wiley.com,Product Management,55884.93
Willows,Baxter,bwillows9q@usnews.com,Training,117912.75
Palomba,Seward,spalomba9r@arstechnica.com,Services,103480.64
Hamerton,Agnese,ahamerton9s@php.net,Sales,108965.24
Witherow,Glennie,gwitherow9t@yale.edu,Engineering,145328.46
Benoix,Ricardo,rbenoix9u@spiegel.de,Sales,91917.28
Feifer,Gustav,gfeifer9v@clickbank.net,Engineering,113475.23
Tomaello,Pietro,ptomaello9w@aol.com,Engineering,73105.45
Brosi,Blythe,bbrosi9x@sciencedaily.com,Engineering,127870.91
Boobyer,Jobey,jboobyer9y@cyberchimps.com,Sales,107118.62
Truse,Chelsy,ctruse9z@latimes.com,Marketing,53786.59
Poulton,Jarib,jpoultona0@xing.com,Sales,104252.67
O'Currigan,Sarine,socurrigana1@phoca.cz,Product Management,52777.94
Pennycock,Karolina,kpennycocka2@baidu.com,Support,91852.33
Ector,Andres,aectora3@studiopress.com,Support,67817.4
Hovee,Maxi,mhoveea4@time.com,Human Resources,86762.9
Geratasch,Charita,cgeratascha5@marketwatch.com,Human Resources,139874.33
Wiffill,Mattias,mwiffilla6@icio.us,Accounting,134272.72
Broadbury,Dale,dbroadburya7@alexa.com,Legal,84612.91
Calver,Teddy,tcalvera8@princeton.edu,Training,91863.96
Bloomfield,Hill,hbloomfielda9@webmd.com,Engineering,130515.98
Faley,Beckie,bfaleyaa@twitter.com,Support,126086.56
Motte,Sky,smotteab@prlog.org,Engineering,59856.25
Abthorpe,Putnam,pabthorpeac@dailymotion.com,Marketing,107175.22
Millberg,Gwyneth,gmillbergad@1und1.de,Product Management,77501.84
Eliasen,Wyatt,weliasenae@instagram.com,Support,111432.71
Saiger,Tiler,tsaigeraf@ovh.net,Sales,149481.9
Norville,Rosanna,rnorvilleag@phpbb.com,Human Resources,53095.81
Mance,Rube,rmanceah@theatlantic.com,Sales,146316.52
Carnier,Doug,dcarnierai@cocolog-nifty.com,Support,137107.63
Mulloch,Farlie,fmullochaj@scientificamerican.com,Support,61320.75
Mucklestone,Gianna,gmucklestoneak@google.com.hk,Product Management,136455.3
Siveter,Delmar,dsiveteral@twitpic.com,Engineering,81804.46
McCreedy,Loria,lmccreedyam@hc360.com,Business Development,118449.13
Mallord,Willyt,wmallordan@google.fr,Support,125851.45
Hardbattle,Bernie,bhardbattleao@google.cn,Accounting,130131.98
Skelding,Gian,gskeldingap@scientificamerican.com,Sales,90189.16
Fancutt,Philippe,pfancuttaq@cmu.edu,Accounting,122676.24
Santen,Melba,msantenar@wunderground.com,Support,124169.13
Lamblot,Eartha,elamblotas@slideshare.net,Support,82729.94
Kehir,Abbot,akehirat@cbsnews.com,Research and Development,60875.82
