last_name,first_name,email,department,salary
Trasler,Ethelred,etrasler0@discovery.com,Product Management,59577.64
Tompkinson,Derwin,dtompkinson1@sbwire.com,Services,129208.47
Shufflebotham,Louie,lshufflebotham2@infoseek.co.jp,Sales,120057.35
Georgeou,Adoree,ageorgeou3@51.la,Accounting,62265.9
Clemo,Anne-marie,aclemo4@qq.com,Sales,59530.49
Longrigg,Melisent,mlongrigg5@dot.gov,Services,76115.76
Reidie,Vale,vreidie6@amazon.de,Accounting,107179.54
Tamblingson,Neely,ntamblingson7@bloglines.com,Legal,109618.54
Le Count,Hanni,hlecount8@furl.net,Services,82240.05
Jancso,Currey,cjancso9@nifty.com,Engineering,88457.19
Kennewell,Leoline,lkennewella@google.co.jp,Human Resources,85474.87
McClay,Donni,dmcclayb@chicagotribune.com,Business Development,90176.79
Kardos,Alverta,akardosc@ibm.com,Legal,143575.22
Oddy,Rutherford,roddyd@chronoengine.com,Product Management,113221.69
Ferneley,Kiersten,kferneleye@ucoz.ru,Services,131560.31
Schrei,Paulie,pschreif@sourceforge.net,Sales,116874.74
Jankovic,Siouxie,sjankovicg@deliciousdays.com,Research and Development,65691.45
Instone,Carlo,cinstoneh@about.me,Legal,127227.07
Munford,Mikel,mmunfordi@china.com.cn,Engineering,56432.7
Gascoine,Fancy,fgascoinej@clickbank.net,Marketing,133348.14
Lockley,Hubert,hlockleyk@flavors.me,Business Development,119891.82
Quartley,Alaric,aquartleyl@wufoo.com,Accounting,148310.89
Gobert,Hogan,hgobertm@nsw.gov.au,Support,120791.18
Bodechon,Yvette,ybodechonn@squarespace.com,Research and Development,58712.88
Hailwood,Alyss,ahailwoodo@sciencedirect.com,Marketing,91449.51
Sherrocks,Bobbe,bsherrocksp@livejournal.com,Services,71356.48
Ilyukhov,Olva,oilyukhovq@statcounter.com,Accounting,137111.96
Flather,Mason,mflatherr@feedburner.com,Legal,112239.67
Frapwell,Walden,wfrapwells@usa.gov,Human Resources,143789.94
Kenner,Clemens,ckennert@booking.com,Accounting,138907.51
Pernell,Filippo,fpernellu@apple.com,Legal,71915.05
Kenner,Mavra,mkennerv@mayoclinic.com,Product Management,61412.51
Sandwith,Dennison,dsandwithw@bing.com,Training,64137.33
Claremont,Adrian,aclaremontx@alibaba.com,Research and Development,89785.16
Pockett,Jeff,jpocketty@mtv.com,Product Management,96021.77
Schutt,Iormina,ischuttz@geocities.com,Support,101450.01
Howell,Lisha,lhowell10@ibm.com,Legal,116633.65
Finlason,Worthington,wfinlason11@ftc.gov,Engineering,76133.32
Bellfield,Clemence,cbellfield12@de.vu,Research and Development,58248.9
Warman,Armstrong,awarman13@goodreads.com,Marketing,138289.05
Udall,Rory,rudall14@merriam-webster.com,Services,121750.06
Nurcombe,Rufe,rnurcombe15@foxnews.com,Human Resources,73678.76
Domleo,Adaline,adomleo16@youku.com,Accounting,148390.85
Falla,Rani,rfalla17@youtu.be,Human Resources,61928.47
Gamblin,Ellswerth,egamblin18@mozilla.com,Research and Development,93697.13
Coombes,Gael,gcoombes19@bloomberg.com,Accounting,108461.46
Back,Tiphani,tback1a@ehow.com,Services,107933.78
Nutter,Ulick,unutter1b@si.edu,Accounting,122384.22
Simmig,Felicio,fsimmig1c@edublogs.org,Product Management,138830.84
Grenville,Mattie,mgrenville1d@vk.com,Engineering,107584.44
Crucitti,Rorke,rcrucitti1e@ask.com,Training,92929.45
Christopherson,Shay,schristopherson1f@mail.ru,Human Resources,56504.0
Itzchaky,Barr,bitzchaky1g@mit.edu,Research and Development,112217.47
Fraser,Iorgos,ifraser1h@bravesites.com,Marketing,147592.97
Lobley,Marje,mlobley1i@nba.com,Marketing,141321.04
Hanington,Edin,ehanington1j@accuweather.com,Business Development,103186.99
Huntall,Theodora,thuntall1k@typepad.com,Marketing,132036.9
Pease,Veronica,vpease1l@mysql.com,Support,69786.12
Vizard,Henrie,hvizard1m@spotify.com,Accounting,51558.98
Huzzay,Harli,hhuzzay1n@mail.ru,Human Resources,58440.03
Ritzman,Terra,tritzman1o@privacy.gov.au,Business Development,107117.39
Tracey,Russ,rtracey1p@cbslocal.com,Accounting,90972.13
Rioch,Nina,nrioch1q@vistaprint.com,Research and Development,118334.35
Revens,Izzy,irevens1r@tamu.edu,Accounting,74343.07
Tellenbrook,Bettina,btellenbrook1s@google.nl,Engineering,115121.53
Wissbey,Norbie,nwissbey1t@cloudflare.com,Product Management,130963.7
Wanstall,Ambrose,awanstall1u@blogtalkradio.com,Sales,88575.94
Rudolf,Ashlin,arudolf1v@xinhuanet.com,Business Development,61688.34
Hildrew,Dolph,dhildrew1w@rediff.com,Product Management,59601.3
Garfield,Brew,bgarfield1x@bravesites.com,Training,104797.11
Barensky,Emelita,ebarensky1y@github.io,Support,86209.78
Humbatch,Juliet,jhumbatch1z@soup.io,Support,71379.29
Cowx,Archie,acowx20@tinypic.com,Human Resources,100013.51
Stiegar,Gay,gstiegar21@google.com.br,Training,89461.61
Gammet,Doll,dgammet22@ycombinator.com,Sales,127295.12
Forton,Rosabel,rforton23@uol.com.br,Sales,138980.12
Minette,Ferdy,fminette24@timesonline.co.uk,Sales,74978.92
Bark,Hilda,hbark25@arizona.edu,Services,106138.31
Bartoszek,Husein,hbartoszek26@edublogs.org,Legal,128203.76
Kasman,Cornelius,ckasman27@quantcast.com,Sales,146539.17
Conquer,Ailee,aconquer28@1und1.de,Legal,134791.51
Dobkin,Kacie,kdobkin29@vkontakte.ru,Training,50250.93
Keal,Euphemia,ekeal2a@buzzfeed.com,Accounting,82148.6
Millen,Concettina,cmillen2b@state.gov,Legal,80180.25
Crewes,Diann,dcrewes2c@fotki.com,Support,121561.27
Pally,Norman,npally2d@soundcloud.com,Business Development,127645.96
McIlraith,Chilton,cmcilraith2e@europa.eu,Research and Development,51087.52
Sloper,Benton,bsloper2f@opera.com,Legal,140881.91
Cordier,Jodi,jcordier2g@indiatimes.com,Training,67657.2
Wardhough,Blaine,bwardhough2h@php.net,Services,114348.8
Heugel,Leon,lheugel2i@sciencedaily.com,Training,143191.18
Lanfear,Janot,jlanfear2j@istockphoto.com,Human Resources,78145.17
Summers,Glyn,gsummers2k@kickstarter.com,Support,137184.47
Beadle,Matilda,mbeadle2l@youku.com,Business Development,75602.21
Greswell,Cecilla,cgreswell2m@plala.or.jp,Research and Development,55916.78
Callaby,Bonnie,bcallaby2n@admin.ch,Support,98122.39
Madner,Angelico,amadner2o@harvard.edu,Business Development,60650.45
Trask,Mack,mtrask2p@who.int,Support,73583.86
Bavridge,Jenine,jbavridge2q@ox.ac.uk,Human Resources,95702.03
Setterthwait,Sollie,ssetterthwait2r@google.nl,Research and Development,131581.62
Iannini,Clotilda,ciannini2s@sun.com,Engineering,67953.02
Middell,Cilka,cmiddell2t@wix.com,Legal,118183.81
Darling,Micky,mdarling2u@w3.org,Legal,117245.44
Dufour,Marne,mdufour2v@businessweek.com,Training,143857.24
Lacheze,Gherardo,glacheze2w@google.com,Marketing,123024.56
Burkman,Rutledge,rburkman2x@google.ru,Engineering,76677.33
Maddock,Candide,cmaddock2y@exblog.jp,Research and Development,54341.59
Greene,Liane,lgreene2z@wikimedia.org,Sales,85833.86
Bridywater,Diena,dbridywater30@cnn.com,Research and Development,104645.88
Just,Madonna,mjust31@si.edu,Business Development,106808.04
Rummings,Kile,krummings32@pen.io,Accounting,69402.36
Cluely,Mufi,mcluely33@google.es,Accounting,91248.63
Innocent,Nealon,ninnocent34@woothemes.com,Engineering,134103.76
Karolyi,Rudolph,rkarolyi35@ow.ly,Research and Development,60281.78
Madgin,Farlay,fmadgin36@delicious.com,Business Development,67385.44
Murname,Helaine,hmurname37@w3.org,Business Development,57342.14
Pasmore,Elsey,epasmore38@people.com.cn,Support,81139.89
Kernan,Patrizia,pkernan39@goodreads.com,Human Resources,133080.73
Petrou,Freddy,fpetrou3a@netvibes.com,Services,94949.52
MacCauley,Adham,amaccauley3b@marriott.com,Training,146582.8
Minster,Abbe,aminster3c@nature.com,Business Development,57292.05
Blaxton,Nyssa,nblaxton3d@microsoft.com,Product Management,66408.84
Checketts,Shanna,schecketts3e@umich.edu,Legal,63704.37
Raffels,Meyer,mraffels3f@ameblo.jp,Human Resources,72779.55
Dungate,Rita,rdungate3g@google.co.uk,Product Management,127331.54
Stiven,Inesita,istiven3h@joomla.org,Training,85504.15
Clyburn,Leighton,lclyburn3i@redcross.org,Research and Development,97929.45
Bradborne,Amerigo,abradborne3j@yolasite.com,Product Management,69359.17
Pember,Marni,mpember3k@aol.com,Engineering,54851.9
Rauprich,Grantham,grauprich3l@cocolog-nifty.com,Marketing,125109.52
Merrikin,Garik,gmerrikin3m@dyndns.org,Business Development,95092.99
Bennellick,Georgeanne,gbennellick3n@booking.com,Business Development,74088.33
Cubin,Davie,dcubin3o@reverbnation.com,Training,137244.35
Dering,Cassi,cdering3p@japanpost.jp,Accounting,145539.11
Dubock,Ricardo,rdubock3q@hugedomains.com,Accounting,87106.23
Coverlyn,Faunie,fcoverlyn3r@opensource.org,Legal,113231.51
Crooks,Zia,zcrooks3s@sun.com,Sales,84228.79
Batalini,Bernete,bbatalini3t@behance.net,Research and Development,52614.54
Roddick,Aurlie,aroddick3u@dyndns.org,Product Management,149937.19
Kinnett,Celestyn,ckinnett3v@vimeo.com,Sales,122708.19
Logan,Marybelle,mlogan3w@moonfruit.com,Legal,121723.3
Crosfeld,Kaylil,kcrosfeld3x@blogs.com,Business Development,135306.77
Dryden,Tabbie,tdryden3y@t-online.de,Research and Development,122391.66
Goodey,Ekaterina,egoodey3z@thetimes.co.uk,Sales,94365.26
Owers,Sylas,sowers40@google.com.au,Engineering,147423.44
Lavrick,Kiley,klavrick41@paypal.com,Research and Development,54386.75
Mosedale,Fee,fmosedale42@comcast.net,Product Management,120379.19
Piche,Theodoric,tpiche43@gizmodo.com,Marketing,124968.62
Millwater,Cathrin,cmillwater44@skyrock.com,Support,126947.47
Albone,Marleen,malbone45@github.io,Training,53429.66
Southern,Yorgos,ysouthern46@flickr.com,Sales,147304.09
Swalough,Frieda,fswalough47@guardian.co.uk,Services,66919.55
Dinnis,Melissa,mdinnis48@eepurl.com,Research and Development,133364.78
Feldstern,Federico,ffeldstern49@nyu.edu,Business Development,133117.96
Firpi,Minetta,mfirpi4a@networkadvertising.org,Services,70191.0
Agass,Kilian,kagass4b@wunderground.com,Support,139811.07
Jolly,Roma,rjolly4c@barnesandnoble.com,Legal,77413.96
McGeoch,Noam,nmcgeoch4d@skype.com,Product Management,53640.04
Meddows,Sumner,smeddows4e@skyrock.com,Research and Development,101495.71
Eyeington,Toddie,teyeington4f@mail.ru,Services,109849.8
Busain,Gloriane,gbusain4g@imageshack.us,Support,146225.21
Bauld,Abner,abauld4h@blog.com,Support,110771.12
Yvens,Hogan,hyvens4i@answers.com,Training,93408.46
Uden,Brandi,buden4j@networkadvertising.org,Engineering,60289.83
Pett,Babita,bpett4k@bizjournals.com,Human Resources,100178.03
De la Harpe,Martelle,mdelaharpe4l@ebay.com,Engineering,119856.26
Martlew,Ludvig,lmartlew4m@epa.gov,Engineering,99178.69
Sutcliffe,Esta,esutcliffe4n@dot.gov,Engineering,129796.01
Scutter,Damiano,dscutter4o@diigo.com,Support,92372.1
Aberdalgy,Sabine,saberdalgy4p@eepurl.com,Services,76346.79
Greetham,Jorge,jgreetham4q@rakuten.co.jp,Legal,133373.76
Drought,Janella,jdrought4r@weather.com,Product Management,54662.5
Rosbottom,Lydia,lrosbottom4s@comsenz.com,Research and Development,106786.74
Billington,Nickolas,nbillington4t@irs.gov,Human Resources,127465.24
Stert,Garold,gstert4u@qq.com,Business Development,117805.84
Dexter,Charo,cdexter4v@yellowbook.com,Business Development,114306.77
Mirralls,Drake,dmirralls4w@illinois.edu,Sales,122306.68
Maudsley,Callie,cmaudsley4x@yolasite.com,Training,58662.29
McAloren,Cherish,cmcaloren4y@hhs.gov,Accounting,50441.07
Lampaert,Eloisa,elampaert4z@stanford.edu,Product Management,128288.67
Roubeix,Harbert,hroubeix50@reuters.com,Human Resources,84350.42
Divina,Hayden,hdivina51@surveymonkey.com,Legal,125494.47
Alexsandrowicz,Leslie,lalexsandrowicz52@jiathis.com,Accounting,53995.0
Darbey,Farra,fdarbey53@phpbb.com,Product Management,67032.76
Attridge,Dareen,dattridge54@goo.gl,Product Management,104037.32
Gareisr,Jori,jgareisr55@businessweek.com,Services,129412.29
Yanukhin,Nona,nyanukhin56@imgur.com,Engineering,89200.15
Ferreira,Pandora,pferreira57@hhs.gov,Research and Development,133783.07
Mariolle,Rice,rmariolle58@psu.edu,Product Management,68312.96
Thunnercliffe,Issiah,ithunnercliffe59@blinklist.com,Product Management,120800.81
Clewlowe,Lambert,lclewlowe5a@nsw.gov.au,Engineering,132583.94
Dumberrill,Celinda,cdumberrill5b@ibm.com,Business Development,125699.09
Uccello,Kaja,kuccello5c@mayoclinic.com,Engineering,134951.02
Eades,Gena,geades5d@friendfeed.com,Accounting,62865.33
Showell,Aldis,ashowell5e@sitemeter.com,Training,99052.05
Hemphrey,Israel,ihemphrey5f@cnet.com,Accounting,86249.32
Leathes,Bank,bleathes5g@vk.com,Accounting,76521.0
Conniam,Man,mconniam5h@ftc.gov,Research and Development,144147.06
Birk,Lissa,lbirk5i@weather.com,Training,142849.19
Roskelley,Maura,mroskelley5j@yale.edu,Legal,147475.32
Meritt,Alika,ameritt5k@cbslocal.com,Product Management,74820.66
Peat,Kynthia,kpeat5l@google.fr,Accounting,149818.87
Whettleton,Magdalena,mwhettleton5m@pbs.org,Support,98419.69
Fintoph,Xenia,xfintoph5n@jigsy.com,Human Resources,105188.33
Charopen,Colleen,ccharopen5o@wunderground.com,Accounting,97504.46
Danilovitch,Wye,wdanilovitch5p@shareasale.com,Business Development,149728.63
Berk,Giulietta,gberk5q@a8.net,Legal,112612.05
Senecaut,Ericka,esenecaut5r@time.com,Engineering,140029.3
Phillcock,Alberta,aphillcock5s@princeton.edu,Human Resources,96033.26
Kitchenman,Filberte,fkitchenman5t@tripadvisor.com,Product Management,111478.88
Youle,Kelsey,kyoule5u@yellowbook.com,Services,75547.13
Stammer,Bird,bstammer5v@independent.co.uk,Research and Development,90715.45
Eastby,Carmine,ceastby5w@huffingtonpost.com,Sales,113480.28
O'Cridigan,Mischa,mocridigan5x@pen.io,Human Resources,67683.07
Neighbour,Tildi,tneighbour5y@salon.com,Business Development,54654.75
Di Giacomettino,Jemmie,jdigiacomettino5z@4shared.com,Legal,55800.34
Heeron,Jedediah,jheeron60@imdb.com,Legal,99017.38
Savory,Arabele,asavory61@weibo.com,Services,56383.19
Winmill,Merwyn,mwinmill62@indiatimes.com,Accounting,67070.85
Lantiffe,Korrie,klantiffe63@joomla.org,Legal,82853.74
Prando,Lara,lprando64@blinklist.com,Legal,142335.59
Ballendine,Elmer,eballendine65@t.co,Research and Development,111427.93
Gowthrop,Loralie,lgowthrop66@skype.com,Business Development,107302.91
Aitkin,Filippo,faitkin67@mozilla.org,Human Resources,54190.34
Mattia,Merrill,mmattia68@yahoo.com,Human Resources,144981.65
Windas,Portie,pwindas69@netscape.com,Training,140949.28
Larrett,Lindy,llarrett6a@washingtonpost.com,Services,103239.23
Vowells,Elizabet,evowells6b@twitpic.com,Accounting,124113.7
Backhouse,Neille,nbackhouse6c@hao123.com,Legal,130257.4
Rosendale,Benedikt,brosendale6d@nature.com,Engineering,72257.58
Bushell,Angeli,abushell6e@skyrock.com,Engineering,98202.83
Reavell,Cobby,creavell6f@irs.gov,Support,101755.93
Branney,Iggy,ibranney6g@springer.com,Human Resources,91430.04
Mickelwright,Jerrilee,jmickelwright6h@usda.gov,Product Management,54952.96
Millis,Chad,cmillis6i@irs.gov,Sales,93248.74
Benian,Pier,pbenian6j@eepurl.com,Engineering,57977.14
Bruster,Verena,vbruster6k@cnet.com,Accounting,94078.01
Traite,Corabelle,ctraite6l@digg.com,Services,75212.42
Dressel,Carin,cdressel6m@qq.com,Services,141078.83
Faircliffe,Bond,bfaircliffe6n@msn.com,Engineering,130367.46
Cruikshanks,Lutero,lcruikshanks6o@unesco.org,Support,147493.46
Gilford,Pat,pgilford6p@wordpress.com,Human Resources,128110.34
Gulk,Justis,jgulk6q@pcworld.com,Training,114088.99
Element,Georges,gelement6r@360.cn,Business Development,141832.08
Stirzaker,Ogdan,ostirzaker6s@pinterest.com,Accounting,119450.79
Wearne,Joby,jwearne6t@feedburner.com,Marketing,111295.89
Sandlin,Kalila,ksandlin6u@51.la,Sales,134670.7
Matheson,Vally,vmatheson6v@businessinsider.com,Human Resources,60815.93
Conway,Jorey,jconway6w@bluehost.com,Accounting,79393.38
Alelsandrovich,Merline,malelsandrovich6x@answers.com,Training,133183.19
Parlatt,Cobbie,cparlatt6y@bizjournals.com,Research and Development,84257.8
Spurman,Henri,hspurman6z@chronoengine.com,Training,61729.22
Kays,Meriel,mkays70@tmall.com,Training,91756.0
Elderkin,Anni,aelderkin71@w3.org,Engineering,77318.77
Walesa,Hebert,hwalesa72@tamu.edu,Marketing,128596.71
Mandrier,Lulita,lmandrier73@redcross.org,Human Resources,90133.16
Pascoe,Peta,ppascoe74@slideshare.net,Product Management,138741.96
Mackleden,Latisha,lmackleden75@blogs.com,Training,138131.49
McCague,Zorine,zmccague76@who.int,Engineering,146135.05
Ervin,Imelda,iervin77@tinyurl.com,Training,115799.51
Stitfall,Sutherland,sstitfall78@jimdo.com,Research and Development,74294.7
Driver,Aurilia,adriver79@youtube.com,Product Management,76621.49
Roscam,Evonne,eroscam7a@goo.ne.jp,Legal,86350.67
Bonass,Alyse,abonass7b@cornell.edu,Human Resources,77206.22
Eastabrook,Wynny,weastabrook7c@g.co,Business Development,92947.05
Jerosch,Cointon,cjerosch7d@about.me,Product Management,101599.99
Heffy,Dix,dheffy7e@gmpg.org,Marketing,73223.4
Swiffin,Lilia,lswiffin7f@fema.gov,Legal,134695.58
Dunstall,Patrice,pdunstall7g@patch.com,Product Management,135444.09
Didsbury,Ekaterina,edidsbury7h@constantcontact.com,Services,113946.77
Coorington,Deina,dcoorington7i@freewebs.com,Business Development,143675.62
Jimeno,Weylin,wjimeno7j@webeden.co.uk,Business Development,98649.58
McGeachy,Dennis,dmcgeachy7k@nasa.gov,Services,88926.91
Grigoriev,Hayward,hgrigoriev7l@cafepress.com,Services,120565.62
Wagerfield,Abagail,awagerfield7m@symantec.com,Business Development,138591.25
Benet,Gray,gbenet7n@geocities.jp,Business Development,139745.11
Petrillo,Brinn,bpetrillo7o@umich.edu,Human Resources,51907.65
Burgoyne,Kevon,kburgoyne7p@unesco.org,Business Development,54111.48
Kettlewell,Shaylah,skettlewell7q@bloglines.com,Human Resources,78597.9
Lodden,Pamelina,plodden7r@biglobe.ne.jp,Training,50465.17
Macon,Storm,smacon7s@cnet.com,Product Management,135238.73
Renshaw,Gabby,grenshaw7t@economist.com,Legal,143476.13
Umpleby,Orbadiah,oumpleby7u@wordpress.org,Support,98176.83
Quartermaine,Pavla,pquartermaine7v@redcross.org,Research and Development,110786.07
Castelin,Bevvy,bcastelin7w@diigo.com,Services,86073.05
Bilbrooke,Ruperta,rbilbrooke7x@g.co,Legal,149537.13
Isgate,Brandi,bisgate7y@xing.com,Support,94555.05
Mulroy,Tab,tmulroy7z@harvard.edu,Human Resources,113251.79
Durban,Petronilla,pdurban80@barnesandnoble.com,Services,86373.17
Markwelley,Maddie,mmarkwelley81@cnet.com,Accounting,78403.0
D'Elia,Josi,jdelia82@nps.gov,Product Management,110445.52
Jakubovitch,Dorothee,djakubovitch83@umn.edu,Engineering,89964.44
Pennington,Franciska,fpennington84@theglobeandmail.com,Business Development,138492.87
McGhie,Chevy,cmcghie85@issuu.com,Support,107515.14
Warcop,Ingamar,iwarcop86@vinaora.com,Research and Development,130033.5
Wansbury,Sara,swansbury87@google.es,Engineering,126300.89
Crummey,Ursuline,ucrummey88@hexun.com,Accounting,52990.93
Poynter,Hedvige,hpoynter89@mozilla.org,Engineering,129670.71
Kisby,Rosaleen,rkisby8a@de.vu,Engineering,143242.56
Crips,Olga,ocrips8b@vkontakte.ru,Sales,90987.12
Matthaus,Jaquenetta,jmatthaus8c@hp.com,Accounting,95293.9
Dulanty,Pierre,pdulanty8d@bandcamp.com,Accounting,110679.77
Hradsky,Jessie,jhradsky8e@bloomberg.com,Sales,69912.42
Gonnet,Bee,bgonnet8f@yahoo.com,Sales,141207.85
Teek,Gunther,gteek8g@mlb.com,Accounting,139276.14
L' Estrange,Shena,slestrange8h@globo.com,Engineering,93277.06
Treend,Sephira,streend8i@wp.com,Accounting,74113.17
Ridder,Vanni,vridder8j@ca.gov,Marketing,124390.57
Banister,Winna,wbanister8k@mac.com,Accounting,52374.65
Darlow,Jewelle,jdarlow8l@cpanel.net,Research and Development,63282.56
Minero,Shina,sminero8m@elegantthemes.com,Training,136214.19
Coker,Deanna,dcoker8n@imageshack.us,Support,57897.78
Dansie,Shae,sdansie8o@thetimes.co.uk,Training,116143.34
Goney,Kimberley,kgoney8p@craigslist.org,Research and Development,114270.01
Tireman,Pattie,ptireman8q@toplist.cz,Research and Development,71409.22
Cockerton,Sean,scockerton8r@elpais.com,Legal,109244.57
Sebire,Roberta,rsebire8s@prweb.com,Marketing,131761.66
Kirkby,Heidi,hkirkby8t@webmd.com,Marketing,93655.41
Hennemann,Merrill,mhennemann8u@infoseek.co.jp,Research and Development,102508.67
Traske,Wendeline,wtraske8v@yellowpages.com,Business Development,126260.68
Denman,Dunc,ddenman8w@addthis.com,Research and Development,136240.4
Sagerson,Antony,asagerson8x@cdbaby.com,Research and Development,131127.29
Elgood,Tamara,telgood8y@i2i.jp,Legal,117324.36
Grierson,Ines,igrierson8z@csmonitor.com,Services,102565.43
Yearne,Janeva,jyearne90@usda.gov,Legal,117250.25
Riditch,Toby,triditch91@yahoo.com,Training,52163.47
Sutor,Alyssa,asutor92@hibu.com,Support,95460.58
Tocqueville,Sharon,stocqueville93@gmpg.org,Services,63206.04
Deek,Bobbette,bdeek94@reuters.com,Legal,70901.37
Hayers,Rosanne,rhayers95@blinklist.com,Sales,117541.33
Cuthbertson,Sarene,scuthbertson96@seattletimes.com,Accounting,133027.98
Sawley,Eliot,esawley97@prnewswire.com,Engineering,130941.22
Moodie,Claudelle,cmoodie98@nydailynews.com,Support,60212.83
McKerlie,Beilul,bmckerlie99@oakley.com,Sales,74662.14
McCooke,Carolee,cmccooke9a@spiegel.de,Services,87644.93
Rey,Ethelind,erey9b@unicef.org,Sales,80595.4
Curlis,Edwina,ecurlis9c@bloomberg.com,Research and Development,109947.11
Stoggles,Karoly,kstoggles9d@behance.net,Research and Development,136144.78
Loutheane,Matilde,mloutheane9e@google.es,Research and Development,91840.19
Necolds,Lorne,lnecolds9f@photobucket.com,Accounting,81966.94
Greyes,Deeann,dgreyes9g@t.co,Human Resources,79309.93
Pessolt,Scotty,spessolt9h@networksolutions.com,Engineering,121442.65
Giacomini,Angel,agiacomini9i@cbslocal.com,Marketing,112018.21
Zieme,Tarra,tzieme9j@1und1.de,Marketing,135833.09
Grewe,Kahlil,kgrewe9k@state.gov,Research and Development,136718.32
Kennifeck,King,kkennifeck9l@taobao.com,Sales,101181.5
Prew,Raynard,rprew9m@accuweather.com,Research and Development,72181.48
Moyler,Dagny,dmoyler9n@163.com,Sales,132444.23
Woodcroft,Harlene,hwoodcroft9o@dailymotion.com,Human Resources,138449.0
Longega,Marianne,mlongega9p@ted.com,Human Resources,97662.92
Spilisy,Cristobal,cspilisy9q@pbs.org,Training,116715.23
Fumagall,Yetty,yfumagall9r@trellian.com,Sales,81429.68
Spragge,Jerrylee,jspragge9s@aboutads.info,Services,57750.48
Gainsborough,Lanie,lgainsborough9t@newyorker.com,Accounting,127054.4
Salsbury,Carey,csalsbury9u@joomla.org,Services,106952.44
Burchmore,Alexandros,aburchmore9v@is.gd,Legal,64614.03
Khomishin,Gasparo,gkhomishin9w@dropbox.com,Sales,138535.47
Yonge,Dave,dyonge9x@stanford.edu,Research and Development,127067.15
Blethyn,Edna,eblethyn9y@ft.com,Support,124017.77
Maddison,Aidan,amaddison9z@desdev.cn,Support,149551.71
Freckelton,Sybilla,sfreckeltona0@google.pl,Legal,121109.31
Wisher,Chandal,cwishera1@cloudflare.com,Training,80878.14
Spadelli,Sherwood,sspadellia2@ft.com,Legal,121378.06
Chinge de Hals,Katuscha,kchingedehalsa3@auda.org.au,Support,129671.51
Dibbs,Berkly,bdibbsa4@epa.gov,Research and Development,103462.25
Grenter,Cointon,cgrentera5@upenn.edu,Marketing,113633.46
Cammock,Carlo,ccammocka6@census.gov,Marketing,103189.09
Seignior,Elvina,eseigniora7@wiley.com,Product Management,132938.73
Rawes,Sheryl,srawesa8@google.com.au,Business Development,142604.33
Forrestor,Muire,mforrestora9@feedburner.com,Support,102846.96
Kegley,Brett,bkegleyaa@wired.com,Engineering,69351.22
Gogie,Joly,jgogieab@smh.com.au,Accounting,97132.0
Keme,Mickey,mkemeac@gizmodo.com,Training,111942.61
Rowney,Locke,lrowneyad@latimes.com,Product Management,73688.51
Stoltz,Dione,dstoltzae@livejournal.com,Legal,119882.14
Hillburn,Alleyn,ahillburnaf@cyberchimps.com,Services,122375.9
Emptage,Thaddus,temptageag@seattletimes.com,Human Resources,78787.8
Botte,Jen,jbotteah@ibm.com,Sales,142012.41
Benes,Noelani,nbenesai@domainmarket.com,Training,104774.88
Burd,Manfred,mburdaj@domainmarket.com,Human Resources,101161.8
Matyugin,Westbrook,wmatyuginak@blogtalkradio.com,Research and Development,132271.07
Shorto,Jori,jshortoal@plala.or.jp,Training,56613.16
Deverall,Saree,sdeverallam@altervista.org,Engineering,134071.59
Cicetti,Amerigo,acicettian@mapquest.com,Human Resources,121824.58
Lumby,Wilbert,wlumbyao@booking.com,Accounting,133736.85
Bernardon,Abigale,abernardonap@drupal.org,Services,138926.65
Andrea,Donn,dandreaaq@gizmodo.com,Sales,55461.33
Gibbins,Maxy,mgibbinsar@360.cn,Product Management,146798.46
Kent,Jania,jkentas@privacy.gov.au,Sales,91235.4
King,Amara,akingat@baidu.com,Marketing,56099.61
Tarpey,Judye,jtarpeyau@hibu.com,Sales,53743.75
Klemke,Corie,cklemkeav@army.mil,Services,133014.66
Pien,Marvin,mpienaw@chron.com,Sales,100797.2
Besant,Dara,dbesantax@google.it,Business Development,50078.37
Vernazza,Maria,mvernazzaay@businesswire.com,Human Resources,104028.64
Claypole,Mario,mclaypoleaz@nhs.uk,Support,90258.64
Jacox,Stanislas,sjacoxb0@1688.com,Human Resources,117885.81
Sinkins,Dirk,dsinkinsb1@bandcamp.com,Product Management,98589.98
O'Noland,Isidoro,ionolandb2@cargocollective.com,Business Development,103793.45
Feben,Essie,efebenb3@cocolog-nifty.com,Research and Development,83328.5
Waterhous,Powell,pwaterhousb4@washington.edu,Product Management,99055.94
Napier,Arabele,anapierb5@bing.com,Support,87453.38
Marlowe,Ulrika,umarloweb6@ucoz.ru,Services,109730.87
Bondar,Madelaine,mbondarb7@unesco.org,Support,90849.5
Berling,Lacee,lberlingb8@issuu.com,Research and Development,59981.86
Jorn,Towny,tjornb9@google.cn,Accounting,93647.76
Ridgedell,Leora,lridgedellba@yahoo.com,Legal,138315.63
Sperwell,Gorden,gsperwellbb@delicious.com,Marketing,50870.21
Radband,Wylie,wradbandbc@github.io,Services,94216.29
Scupham,Emmaline,escuphambd@illinois.edu,Research and Development,128365.27
Jorn,Reinaldos,rjornbe@360.cn,Human Resources,98400.21
Deroche,Quillan,qderochebf@seesaa.net,Legal,71573.27
Shrimplin,Elladine,eshrimplinbg@comcast.net,Legal,147631.39
Peacocke,Hagen,hpeacockebh@wordpress.com,Business Development,72763.23
Dietmar,Darbie,ddietmarbi@ihg.com,Human Resources,85438.76
Lennox,Norrie,nlennoxbj@barnesandnoble.com,Business Development,95324.43
Cownden,Kellby,kcowndenbk@wired.com,Legal,130847.94
Priscott,Ozzy,opriscottbl@walmart.com,Sales,106561.44
Scrivin,Sheena,sscrivinbm@blog.com,Business Development,64739.57
Pitkethly,Imogen,ipitkethlybn@walmart.com,Accounting,149745.69
Whitland,Sue,swhitlandbo@yelp.com,Legal,136871.13
Cranny,Elsworth,ecrannybp@dailymotion.com,Business Development,111356.37
Clutten,Frasco,fcluttenbq@prweb.com,Sales,137450.09
Gomersall,Sisile,sgomersallbr@howstuffworks.com,Legal,85209.66
Lothean,Sergio,slotheanbs@t-online.de,Services,86008.2
Gewer,Gayla,ggewerbt@xinhuanet.com,Services,69827.44
Edes,Bibi,bedesbu@macromedia.com,Human Resources,82363.84
Driscoll,Hy,hdriscollbv@pen.io,Product Management,56913.81
Lehrer,Donny,dlehrerbw@phpbb.com,Business Development,106274.58
Marguerite,Scotti,smargueritebx@people.com.cn,Legal,96706.9
Whitewood,Burty,bwhitewoodby@google.ru,Accounting,88045.46
Canton,Jaye,jcantonbz@w3.org,Engineering,135308.77
Middiff,Jeth,jmiddiffc0@github.io,Business Development,104612.68
Asif,Allison,aasifc1@vimeo.com,Training,73072.61
Ivakhin,Iris,iivakhinc2@cloudflare.com,Accounting,140510.3
Edwick,Karalynn,kedwickc3@miitbeian.gov.cn,Accounting,128851.2
Michieli,Darn,dmichielic4@si.edu,Sales,63123.24
McCathy,Linnell,lmccathyc5@yale.edu,Legal,113971.19
Olivelli,Karrah,kolivellic6@hc360.com,Engineering,80308.06
Ghioni,Elliott,eghionic7@ftc.gov,Marketing,115836.0
Hattoe,Dame,dhattoec8@accuweather.com,Research and Development,87478.37
Chastey,Stephie,schasteyc9@hp.com,Sales,72912.87
Wolland,Berkeley,bwollandca@ebay.co.uk,Services,90243.95
Livick,Haskel,hlivickcb@addtoany.com,Legal,120429.14
McTrustie,Miner,mmctrustiecc@tamu.edu,Engineering,128121.43
Constantine,Mal,mconstantinecd@stumbleupon.com,Business Development,120234.72
Donne,Dede,ddonnece@fc2.com,Human Resources,70997.16
Glayzer,Jennifer,jglayzercf@miibeian.gov.cn,Legal,99236.1
Niezen,Wynn,wniezencg@bravesites.com,Human Resources,128361.98
Radley,Hildegarde,hradleych@deviantart.com,Legal,76359.41
Figgins,Babbie,bfigginsci@constantcontact.com,Accounting,85358.73
Killerby,Yevette,ykillerbycj@icio.us,Accounting,69658.49
Conre,Ardeen,aconreck@surveymonkey.com,Sales,111901.3
Bolte,Manda,mboltecl@ebay.com,Research and Development,70035.3
Rumens,Catarina,crumenscm@bloglovin.com,Legal,71269.93
Yannikov,Jourdain,jyannikovcn@paginegialle.it,Training,91502.05
Clewes,Lorinda,lclewesco@meetup.com,Human Resources,131816.98
Olivia,Christina,coliviacp@reuters.com,Engineering,97231.0
Varley,Aili,avarleycq@google.pl,Product Management,111865.87
Bedell,Rakel,rbedellcr@samsung.com,Training,117568.15
Lindeboom,Dugald,dlindeboomcs@wiley.com,Research and Development,147210.09
Loram,Merilee,mloramct@about.me,Services,107725.02
Charters,Pyotr,pcharterscu@icio.us,Legal,72764.45
Tiddy,Florri,ftiddycv@photobucket.com,Business Development,81362.6
Santacrole,Deerdre,dsantacrolecw@economist.com,Support,54990.77
Comben,Madonna,mcombencx@g.co,Engineering,117578.6
Dietzler,Tally,tdietzlercy@hao123.com,Business Development,148154.42
Cockson,Julienne,jcocksoncz@google.es,Marketing,110546.75
Schmidt,Kessiah,kschmidtd0@sakura.ne.jp,Product Management,75408.6
Peacham,Tabb,tpeachamd1@netlog.com,Marketing,108551.77
Tomadoni,Gweneth,gtomadonid2@webnode.com,Product Management,100972.17
Girvin,Ase,agirvind3@mozilla.org,Business Development,110666.77
Dmiterko,Raphaela,rdmiterkod4@youtube.com,Research and Development,84183.07
Kinglake,Carolann,ckinglaked5@hao123.com,Legal,102006.69
Dryburgh,Steward,sdryburghd6@t.co,Marketing,76277.66
Meatyard,Fulvia,fmeatyardd7@bigcartel.com,Human Resources,73294.81
Drawmer,Aileen,adrawmerd8@storify.com,Product Management,116920.01
Chanson,Adora,achansond9@google.co.uk,Business Development,133604.47
Quinnelly,Sapphira,squinnellyda@odnoklassniki.ru,Sales,143492.79
Cleverley,Miner,mcleverleydb@pen.io,Services,86447.59
Gorgl,Ingrim,igorgldc@usa.gov,Services,136864.1
Trengrouse,Sasha,strengrousedd@china.com.cn,Support,97360.06
Pryor,Hansiain,hpryorde@webnode.com,Research and Development,144377.69
Burbury,Edyth,eburburydf@state.gov,Services,50641.04
Speer,Lillis,lspeerdg@bluehost.com,Marketing,97445.11
Seggie,David,dseggiedh@mysql.com,Human Resources,73842.5
Ruck,Ursola,uruckdi@cpanel.net,Engineering,61878.88
Shapcote,Stormy,sshapcotedj@census.gov,Legal,125697.06
Hamerton,Rey,rhamertondk@dell.com,Support,120904.6
Kersaw,Galina,gkersawdl@chron.com,Business Development,67708.64
Sleightholme,Tybi,tsleightholmedm@t.co,Support,82666.67
Gilfether,Mellisa,mgilfetherdn@paginegialle.it,Support,59682.95
Parsell,Roseanne,rparselldo@discovery.com,Business Development,147425.82
Baysting,Emmott,ebaystingdp@hexun.com,Human Resources,94430.22
Dreger,Arley,adregerdq@dedecms.com,Business Development,111483.56
Warbey,Rowney,rwarbeydr@icq.com,Training,117230.67
Bean,Arley,abeands@cisco.com,Sales,122837.08
Porritt,Fianna,fporrittdt@engadget.com,Accounting,90910.78
Richt,Archy,arichtdu@nasa.gov,Research and Development,139732.73
Armatys,Langsdon,larmatysdv@digg.com,Accounting,90296.68
Linggood,Leanora,llinggooddw@netscape.com,Human Resources,68743.0
Goudman,Alida,agoudmandx@github.com,Sales,99058.33
O'Devey,Ariel,aodeveydy@nydailynews.com,Research and Development,118564.92
Sives,Rollin,rsivesdz@mayoclinic.com,Marketing,60656.59
Hesse,Brice,bhessee0@cargocollective.com,Sales,122974.72
Matussow,Fair,fmatussowe1@comcast.net,Marketing,111652.29
Witard,Buck,bwitarde2@cyberchimps.com,Engineering,125744.11
Bexon,Leilah,lbexone3@biblegateway.com,Training,53569.45
Clemow,Brittan,bclemowe4@walmart.com,Support,87713.81
Loomis,Korrie,kloomise5@themeforest.net,Engineering,90294.3
Selesnick,Henrieta,hselesnicke6@posterous.com,Support,79951.54
Kemitt,Timofei,tkemitte7@mashable.com,Research and Development,85359.15
Muscott,Thorndike,tmuscotte8@foxnews.com,Support,54314.75
Tonner,Hillyer,htonnere9@rediff.com,Accounting,57932.1
Arrol,Bette-ann,barrolea@github.com,Engineering,119358.27
Akram,Prince,pakrameb@posterous.com,Sales,81389.56
McAlister,Kaiser,kmcalisterec@yahoo.co.jp,Marketing,107907.74
O' Mahony,Carmella,comahonyed@umn.edu,Services,92228.85
Kleinmann,Brynna,bkleinmannee@amazon.com,Engineering,77615.46
Seabright,Romeo,rseabrightef@oracle.com,Sales,144309.25
Hymers,Mikael,mhymerseg@clickbank.net,Engineering,76118.0
Edden,Esther,eeddeneh@mac.com,Research and Development,94311.9
Wildblood,Ignacio,iwildbloodei@admin.ch,Business Development,140440.26
Gartell,Sharl,sgartellej@google.fr,Business Development,142435.95
Morales,Aldon,amoralesek@arstechnica.com,Services,104745.91
Peacock,Reagan,rpeacockel@cnn.com,Sales,81303.36
De Pero,Yolanthe,ydeperoem@nhs.uk,Business Development,147946.67
Marquet,Mandi,mmarqueten@over-blog.com,Engineering,59086.87
Banford,Slade,sbanfordeo@ihg.com,Support,64494.49
Du Fray,Ryann,rdufrayep@people.com.cn,Training,140980.26
Chandler,Ardyce,achandlereq@ifeng.com,Sales,115440.83
Girton,Johan,jgirtoner@dagondesign.com,Product Management,69915.06
Spiring,Osmond,ospiringes@bbb.org,Research and Development,148252.48
Risson,Letta,lrissonet@reddit.com,Support,98233.03
Rose,Irena,iroseeu@histats.com,Sales,65621.87
Regitz,Jarib,jregitzev@icio.us,Business Development,104206.53
Murison,Hali,hmurisonew@mysql.com,Human Resources,75206.92
De Zamudio,Deedee,ddezamudioex@google.es,Support,86784.96
Divver,Kirstyn,kdivverey@discovery.com,Human Resources,134253.48
de Guerre,Peri,pdeguerreez@google.com,Business Development,129834.89
Brusby,Catlaina,cbrusbyf0@gov.uk,Human Resources,50854.88
Cursons,Guido,gcursonsf1@cornell.edu,Training,99628.76
Trousdell,Bartolomeo,btrousdellf2@123-reg.co.uk,Marketing,80557.74
Hounsom,Conrad,chounsomf3@xing.com,Legal,51625.34
Overshott,Kerry,kovershottf4@apache.org,Legal,112681.26
Noirel,Alice,anoirelf5@un.org,Legal,138973.52
Stolberger,Renelle,rstolbergerf6@army.mil,Accounting,133153.11
Capsey,Kial,kcapseyf7@ucla.edu,Sales,116133.92
Pfertner,Zenia,zpfertnerf8@businessweek.com,Sales,64410.94
Ilson,Schuyler,silsonf9@ucoz.com,Human Resources,64395.32
Sturney,Fancie,fsturneyfa@japanpost.jp,Research and Development,100549.87
Onslow,Antony,aonslowfb@artisteer.com,Research and Development,66025.08
Pendlebury,Myrlene,mpendleburyfc@uol.com.br,Engineering,79079.99
Bachanski,Zarla,zbachanskifd@wikimedia.org,Sales,133582.55
Cutting,Clio,ccuttingfe@naver.com,Human Resources,95265.62
Zammitt,Rosalynd,rzammittff@ftc.gov,Engineering,131177.73
Najera,Arlen,anajerafg@yellowpages.com,Legal,99500.39
Lamplough,Dexter,dlamploughfh@disqus.com,Legal,136392.75
Lescop,Peter,plescopfi@amazonaws.com,Product Management,79538.96
Ivanishin,Edie,eivanishinfj@google.com,Engineering,144880.86
Karleman,Gibbie,gkarlemanfk@netlog.com,Training,74724.25
Manterfield,Killie,kmanterfieldfl@spiegel.de,Product Management,89559.82
Bloan,Yevette,ybloanfm@drupal.org,Accounting,148511.67
Southgate,Dagmar,dsouthgatefn@ebay.com,Business Development,91214.41
Relton,Cazzie,creltonfo@smh.com.au,Support,64190.41
Aloshikin,Teador,taloshikinfp@toplist.cz,Engineering,139530.46
Rowlinson,Felicle,frowlinsonfq@archive.org,Sales,93802.42
Southan,Kristoffer,ksouthanfr@zdnet.com,Research and Development,100266.96
McEllen,Devlen,dmcellenfs@google.nl,Sales,138365.71
Farge,Benn,bfargeft@free.fr,Sales,149968.15
Petri,Susie,spetrifu@ox.ac.uk,Training,140273.07
Amos,Sheilakathryn,samosfv@jigsy.com,Engineering,149482.56
Lammin,Pip,plamminfw@telegraph.co.uk,Product Management,107070.64
Matushevich,Isabel,imatushevichfx@ed.gov,Sales,56419.53
Pindell,Eolande,epindellfy@elpais.com,Accounting,124023.26
Turpey,Tome,tturpeyfz@about.me,Legal,62518.72
MacAless,Courtenay,cmacalessg0@blinklist.com,Human Resources,68479.46
Dankov,Lilias,ldankovg1@goo.ne.jp,Sales,124936.64
Tregunnah,Maury,mtregunnahg2@businessweek.com,Sales,110988.73
Izac,Shena,sizacg3@engadget.com,Human Resources,123579.22
Creasy,Ricca,rcreasyg4@csmonitor.com,Product Management,107035.2
Narramore,Jerry,jnarramoreg5@stumbleupon.com,Product Management,81640.77
Pencott,Omero,opencottg6@go.com,Engineering,113915.8
Richard,Dody,drichardg7@ft.com,Product Management,122435.48
Bellam,Claire,cbellamg8@economist.com,Business Development,83170.46
Malby,Torrey,tmalbyg9@storify.com,Marketing,113382.16
Coltman,Lily,lcoltmanga@businesswire.com,Business Development,143850.8
Cocksedge,Virgie,vcocksedgegb@bbc.co.uk,Marketing,69335.0
Latham,Andres,alathamgc@lycos.com,Human Resources,67698.94
Lark,Purcell,plarkgd@google.com.au,Legal,73513.56
Santen,Fielding,fsantenge@accuweather.com,Research and Development,97009.13
Quiddihy,Wang,wquiddihygf@soundcloud.com,Research and Development,124689.06
Powers,Sunshine,spowersgg@last.fm,Marketing,145703.74
Dullingham,Liane,ldullinghamgh@statcounter.com,Support,101337.32
Payn,Eldridge,epayngi@businessweek.com,Sales,90586.92
Reddlesden,Patton,preddlesdengj@salon.com,Marketing,53342.41
Impson,Happy,himpsongk@slashdot.org,Accounting,136350.06
Kenan,Chastity,ckenangl@vinaora.com,Product Management,140979.94
Krebs,Maridel,mkrebsgm@jalbum.net,Sales,144351.82
Chasle,Tabatha,tchaslegn@slideshare.net,Engineering,64877.13
Vials,Ellyn,evialsgo@twitpic.com,Training,116567.4
Deddum,Kermit,kdeddumgp@berkeley.edu,Training,68385.56
Beazey,Christopher,cbeazeygq@yahoo.co.jp,Research and Development,88827.67
Oldacre,Lexy,loldacregr@ameblo.jp,Accounting,146877.38
Poynzer,Aggy,apoynzergs@sphinn.com,Product Management,149603.6
Osgerby,Brose,bosgerbygt@discuz.net,Research and Development,98948.92
Ten Broek,Lila,ltenbroekgu@alibaba.com,Human Resources,116796.2
Skill,Sidonia,sskillgv@cam.ac.uk,Training,56596.63
Wiersma,Gamaliel,gwiersmagw@soundcloud.com,Product Management,80338.87
Divver,Tilda,tdivvergx@fotki.com,Engineering,79996.52
Paute,Grace,gpautegy@chronoengine.com,Training,61378.28
Hastler,Roz,rhastlergz@gizmodo.com,Accounting,85272.4
Janks,Sharity,sjanksh0@multiply.com,Research and Development,72406.35
Bastable,Perla,pbastableh1@etsy.com,Human Resources,124284.07
Blagburn,Burnard,bblagburnh2@furl.net,Human Resources,97889.75
Farnie,Kevon,kfarnieh3@ehow.com,Engineering,141217.69
Wake,Gardy,gwakeh4@sphinn.com,Marketing,125191.99
Shurmore,Reuven,rshurmoreh5@si.edu,Marketing,71552.28
Sokell,Dehlia,dsokellh6@huffingtonpost.com,Research and Development,144894.56
Garratty,Gerrilee,ggarrattyh7@blog.com,Research and Development,91198.79
Humphris,Kain,khumphrish8@nydailynews.com,Engineering,104894.28
Robrow,Coral,crobrowh9@salon.com,Product Management,134354.94
Della Scala,Cedric,cdellascalaha@g.co,Legal,89719.41
Gooch,Jordana,jgoochhb@narod.ru,Accounting,97958.04
Ornils,Gery,gornilshc@oakley.com,Research and Development,90225.13
Brookwood,Randi,rbrookwoodhd@disqus.com,Research and Development,103396.9
Kees,Diarmid,dkeeshe@archive.org,Marketing,128846.37
Jayume,Stevana,sjayumehf@nbcnews.com,Business Development,149572.95
Spykings,Prue,pspykingshg@tmall.com,Services,134239.39
Clutten,Kariotta,kcluttenhh@timesonline.co.uk,Human Resources,123193.47
Garza,Wang,wgarzahi@gnu.org,Product Management,112641.03
Crispe,Yulma,ycrispehj@infoseek.co.jp,Business Development,120937.62
Spore,Linn,lsporehk@latimes.com,Accounting,142761.78
Yeowell,Cathie,cyeowellhl@storify.com,Business Development,86918.82
Cutbush,Bald,bcutbushhm@cargocollective.com,Sales,79834.21
Scruton,Ludwig,lscrutonhn@wsj.com,Support,60320.31
Blackmoor,Pembroke,pblackmoorho@dailymotion.com,Services,124597.27
Greetland,Lexy,lgreetlandhp@noaa.gov,Business Development,121096.88
De Benedictis,Laney,ldebenedictishq@symantec.com,Support,117789.2
Scholl,Beau,bschollhr@craigslist.org,Training,58538.03
Kondratenya,Cherlyn,ckondratenyahs@com.com,Business Development,149838.14
Tonry,Daniele,dtonryht@geocities.jp,Research and Development,111155.13
Faull,Virgie,vfaullhu@surveymonkey.com,Product Management,81037.44
Dawtre,Wilmette,wdawtrehv@europa.eu,Services,51540.97
Blamires,Domini,dblamireshw@apple.com,Legal,104331.88
Naptine,Odilia,onaptinehx@google.es,Legal,81931.04
Reast,Lilllie,lreasthy@yahoo.co.jp,Engineering,58221.05
Stockdale,Annice,astockdalehz@prweb.com,Marketing,124084.48
McVrone,Christie,cmcvronei0@tripadvisor.com,Legal,75706.29
Howes,Lewie,lhowesi1@livejournal.com,Accounting,89343.84
Cristofanini,Rhianon,rcristofaninii2@opensource.org,Services,131789.18
Artinstall,Elna,eartinstalli3@msu.edu,Legal,128034.69
Keetley,Judy,jkeetleyi4@google.ca,Sales,96421.63
Willgoss,Iggie,iwillgossi5@narod.ru,Support,101398.28
Habben,Debora,dhabbeni6@princeton.edu,Marketing,95143.28
Oldland,Marget,moldlandi7@flavors.me,Engineering,100368.24
Sheal,Doreen,dsheali8@auda.org.au,Legal,57630.02
Ramelot,Burgess,brameloti9@cdc.gov,Business Development,93398.86
Cardow,Josefina,jcardowia@tumblr.com,Product Management,62948.52
Thorsby,Helyn,hthorsbyib@yahoo.co.jp,Research and Development,128694.98
Pleat,Christos,cpleatic@elpais.com,Accounting,61894.77
Rogger,Loutitia,lroggerid@shareasale.com,Accounting,95855.79
Willmont,Stefano,swillmontie@washington.edu,Services,78442.04
Donnersberg,Chad,cdonnersbergif@spiegel.de,Engineering,82932.73
Glabach,Eve,eglabachig@hugedomains.com,Marketing,126249.66
McAusland,Erastus,emcauslandih@hao123.com,Training,51978.01
Spurrier,Cheryl,cspurrierii@salon.com,Product Management,92898.83
Gimblett,Sarene,sgimblettij@wordpress.com,Product Management,107625.07
McGragh,Jojo,jmcgraghik@noaa.gov,Research and Development,83478.69
Bollom,Tab,tbollomil@vimeo.com,Product Management,107198.4
Troppmann,Lion,ltroppmannim@addtoany.com,Sales,123134.59
Ferre,Birgit,bferrein@g.co,Legal,116925.69
Hanrahan,Ado,ahanrahanio@homestead.com,Engineering,134396.73
Mabbitt,Faydra,fmabbittip@europa.eu,Research and Development,99784.27
Ganniclifft,Rori,rganniclifftiq@photobucket.com,Engineering,85871.73
Norridge,Cookie,cnorridgeir@sohu.com,Training,142063.35
Peare,Jeremy,jpeareis@census.gov,Support,124775.82
Shord,Tamarah,tshordit@comsenz.com,Support,136017.84
Whyborne,Alasdair,awhyborneiu@boston.com,Legal,98486.34
Gainseford,Gus,ggainsefordiv@cloudflare.com,Services,55183.39
Slocum,Hashim,hslocumiw@ca.gov,Product Management,76562.61
Haselup,Mathe,mhaselupix@washingtonpost.com,Engineering,127709.72
Chomley,Krystalle,kchomleyiy@github.io,Marketing,85349.1
Morbey,Cahra,cmorbeyiz@accuweather.com,Sales,51050.88
Nacci,Giralda,gnaccij0@go.com,Support,136717.6
Bazoche,Jorey,jbazochej1@odnoklassniki.ru,Accounting,75933.72
Leversuch,Jacquenetta,jleversuchj2@sina.com.cn,Research and Development,72051.42
Mc Trusty,Case,cmctrustyj3@mtv.com,Human Resources,100489.08
Place,Eben,eplacej4@topsy.com,Human Resources,105233.53
MacFie,Tome,tmacfiej5@mapquest.com,Legal,80081.45
O'Deoran,Godiva,godeoranj6@friendfeed.com,Business Development,98299.34
Killich,Sanford,skillichj7@hao123.com,Services,58536.47
Tarpey,Ailbert,atarpeyj8@google.com.br,Support,51009.83
Elnaugh,Joletta,jelnaughj9@amazon.de,Legal,51018.59
Mocker,Hermione,hmockerja@cornell.edu,Marketing,82842.15
Fearns,Austin,afearnsjb@dagondesign.com,Services,128238.9
Reynolds,Addy,areynoldsjc@hatena.ne.jp,Research and Development,128448.0
Edowes,Chickie,cedowesjd@seattletimes.com,Sales,94816.52
Pellington,Fowler,fpellingtonje@icio.us,Services,139087.51
Gorsse,Tamas,tgorssejf@comsenz.com,Training,55164.59
Bainbrigge,Pinchas,pbainbriggejg@xing.com,Engineering,132831.42
Blais,Thelma,tblaisjh@go.com,Research and Development,64330.6
Kyme,Sinclair,skymeji@msn.com,Accounting,138515.23
Cosgreave,Ricoriki,rcosgreavejj@google.co.uk,Marketing,140993.68
Louiset,Winonah,wlouisetjk@slashdot.org,Research and Development,132607.58
Overbury,Cesar,coverburyjl@phoca.cz,Training,64707.11
Carmody,Annadiana,acarmodyjm@chron.com,Services,60508.56
Tarrier,Billie,btarrierjn@storify.com,Marketing,93739.71
Rendell,Annabel,arendelljo@gravatar.com,Product Management,116494.52
Rispine,Joanie,jrispinejp@biglobe.ne.jp,Sales,142004.59
Cranfield,Georgie,gcranfieldjq@netvibes.com,Marketing,138613.42
Huxtable,Gilberto,ghuxtablejr@booking.com,Human Resources,66133.89
Chitty,Goldie,gchittyjs@walmart.com,Legal,99319.0
Preene,Udall,upreenejt@google.com.au,Support,65947.63
Sweynson,Stormy,ssweynsonju@behance.net,Research and Development,75560.28
Verick,Keven,kverickjv@purevolume.com,Accounting,64800.64
Zute,Venus,vzutejw@opensource.org,Legal,147006.37
Cobleigh,Dulcy,dcobleighjx@gizmodo.com,Business Development,137259.69
Warby,Darsey,dwarbyjy@mail.ru,Marketing,122312.75
McIlrath,Collete,cmcilrathjz@house.gov,Training,132644.26
Rieme,Lezlie,lriemek0@reverbnation.com,Services,141466.05
Rillstone,Letty,lrillstonek1@wikispaces.com,Sales,52322.0
Garmston,Armando,agarmstonk2@bigcartel.com,Legal,93316.44
Lecointe,Hobie,hlecointek3@barnesandnoble.com,Training,142022.51
Mavin,Mildrid,mmavink4@businessinsider.com,Marketing,125397.11
Doel,Madeleine,mdoelk5@ucla.edu,Engineering,129779.19
Mercik,Liuka,lmercikk6@home.pl,Legal,62226.69
Moehler,Scotti,smoehlerk7@nasa.gov,Product Management,138393.11
Choppin,Gawain,gchoppink8@usa.gov,Sales,133575.2
Elgram,Harmony,helgramk9@tinyurl.com,Business Development,91348.14
Erlam,Daphne,derlamka@theglobeandmail.com,Marketing,56204.41
Bound,Roselin,rboundkb@studiopress.com,Training,54479.67
Brewett,Harley,hbrewettkc@blogs.com,Engineering,88327.88
Westover,Mommy,mwestoverkd@flickr.com,Research and Development,148700.41
Redwall,Adelbert,aredwallke@princeton.edu,Marketing,100321.82
Swiggs,Franky,fswiggskf@cornell.edu,Services,74530.0
Tombleson,Susann,stomblesonkg@biblegateway.com,Marketing,59231.06
Weathey,Kimbra,kweatheykh@issuu.com,Support,137782.77
Okie,Miller,mokieki@cpanel.net,Marketing,119289.64
Harrowsmith,Thornton,tharrowsmithkj@icq.com,Human Resources,140228.19
Surgen,Ursola,usurgenkk@github.com,Engineering,118024.97
Budding,Alfred,abuddingkl@cocolog-nifty.com,Research and Development,60522.05
Cuell,Lion,lcuellkm@t-online.de,Sales,52780.85
Vineall,Connie,cvineallkn@etsy.com,Services,143792.02
Russilll,Orelee,orussilllko@cpanel.net,Training,68995.79
Davidovici,Celie,cdavidovicikp@google.nl,Marketing,68519.62
Headly,Tabby,theadlykq@tinypic.com,Human Resources,53755.43
Cash,Erick,ecashkr@paypal.com,Services,128296.37
Falconbridge,Darline,dfalconbridgeks@ftc.gov,Human Resources,56552.72
Tregenza,Lilyan,ltregenzakt@networkadvertising.org,Human Resources,103936.55
Palphramand,Dugald,dpalphramandku@photobucket.com,Product Management,137959.99
Commuzzo,Idette,icommuzzokv@omniture.com,Research and Development,76968.17
Cann,Roxie,rcannkw@clickbank.net,Sales,55089.65
Lutty,Magdalena,mluttykx@admin.ch,Product Management,123088.54
Howlings,Kiri,khowlingsky@toplist.cz,Services,74497.13
Rispen,Madison,mrispenkz@live.com,Sales,99476.46
Oldrey,Nerissa,noldreyl0@fotki.com,Services,104577.25
Wigginton,Jerrine,jwiggintonl1@usatoday.com,Product Management,144907.5
Tuohy,Winifred,wtuohyl2@aol.com,Product Management,63575.09
Neicho,Eben,eneichol3@ehow.com,Engineering,125515.5
Viles,Georgina,gvilesl4@phpbb.com,Legal,92795.64
Asquith,Tremain,tasquithl5@zdnet.com,Training,118009.59
Bainton,Birgit,bbaintonl6@cdbaby.com,Marketing,54359.21
Dyble,Mattheus,mdyblel7@gizmodo.com,Sales,140148.23
Bourbon,Delly,dbourbonl8@eepurl.com,Engineering,58130.1
Titcom,Gayleen,gtitcoml9@ibm.com,Accounting,94698.26
McSaul,Mattie,mmcsaulla@prnewswire.com,Engineering,94393.81
Pereira,Hendrick,hpereiralb@ted.com,Legal,122476.73
Nilles,Elvyn,enilleslc@bigcartel.com,Support,57421.41
Stables,Darla,dstablesld@shinystat.com,Sales,148362.81
Fitzsimon,Shellysheldon,sfitzsimonle@google.co.jp,Research and Development,116248.61
Blackstone,Barton,bblackstonelf@uiuc.edu,Engineering,74864.15
Casbourne,Selia,scasbournelg@php.net,Business Development,115959.86
Wannan,Gretta,gwannanlh@hibu.com,Services,137579.53
Scanderet,Tabbitha,tscanderetli@dedecms.com,Marketing,123562.1
Dellow,Ray,rdellowlj@stanford.edu,Legal,60405.25
Richardeau,Stan,srichardeaulk@printfriendly.com,Marketing,90831.1
Spieck,Christoper,cspieckll@unicef.org,Sales,100215.82
Fakeley,Idalia,ifakeleylm@cisco.com,Product Management,141121.57
Whitsun,Baldwin,bwhitsunln@constantcontact.com,Product Management,62980.56
Kedge,Shannan,skedgelo@oaic.gov.au,Business Development,98870.53
Januszkiewicz,Aeriell,ajanuszkiewiczlp@xing.com,Human Resources,132434.69
Garham,Tammie,tgarhamlq@over-blog.com,Marketing,141327.6
Cadden,Myriam,mcaddenlr@ycombinator.com,Research and Development,83265.9
Effaunt,Jeniece,jeffauntls@etsy.com,Research and Development,118093.59
Ratter,Grissel,gratterlt@qq.com,Marketing,102672.99
Yves,Everard,eyveslu@businessinsider.com,Training,74942.58
Bangs,Phip,pbangslv@rakuten.co.jp,Training,70196.56
Bagnell,Margarete,mbagnelllw@yahoo.co.jp,Business Development,116613.92
Peiro,Brody,bpeirolx@booking.com,Research and Development,102707.46
Saltsberg,Cristine,csaltsbergly@reference.com,Accounting,103383.9
Alywin,Dahlia,dalywinlz@cocolog-nifty.com,Engineering,128987.26
Bails,Robinia,rbailsm0@sakura.ne.jp,Support,64222.65
Harrild,Vinny,vharrildm1@fotki.com,Research and Development,76868.57
Jessett,Marlene,mjessettm2@foxnews.com,Sales,110902.72
Mew,Ynez,ymewm3@ft.com,Business Development,57729.24
Craigg,Wakefield,wcraiggm4@google.com.au,Legal,100085.92
Beckett,Burr,bbeckettm5@scientificamerican.com,Legal,132648.25
Goare,Bendick,bgoarem6@imgur.com,Research and Development,126807.5
Linebarger,Hildagard,hlinebargerm7@jugem.jp,Services,57462.27
