last_name,first_name,email,department,salary
Bruhn,Flo,fbruhn0@oaic.gov.au,Accounting,89952.61
Dowson,Winona,wdowson1@baidu.com,Sales,56231.14
Howieson,Dario,dhowieson2@narod.ru,Marketing,136419.06
Oloshkin,Gillan,goloshkin3@howstuffworks.com,Product Management,110133.79
Tame,Bill,btame4@latimes.com,Services,68998.5
Rekes,Mariquilla,mrekes5@zimbio.com,Training,147440.18
Starsmore,Matthaeus,mstarsmore6@weather.com,Business Development,106804.53
Mylchreest,Melisent,mmylchreest7@sciencedaily.com,Marketing,114844.23
Hazeldene,Dagmar,dhazeldene8@phpbb.com,Training,102642.26
Newlands,Jodie,jnewlands9@shinystat.com,Accounting,145494.24
Rainer,Rhona,rrainera@xinhuanet.com,Sales,96998.17
Lampkin,Lonnard,llampkinb@washington.edu,Human Resources,63311.3
Garvin,Esteban,egarvinc@barnesandnoble.com,Services,113998.72
Boothroyd,Scotty,sboothroydd@google.fr,Training,58401.11
Martynka,Dennison,dmartynkae@hostgator.com,Business Development,112362.02
Cucuzza,Tierney,tcucuzzaf@weather.com,Human Resources,122379.15
Crake,Kaleena,kcrakeg@typepad.com,Services,120019.87
Pickwell,Kimble,kpickwellh@alexa.com,Legal,63849.51
Sainsbury-Brown,Isis,isainsburybrowni@free.fr,Services,81439.0
Wolford,Svend,swolfordj@ucsd.edu,Accounting,88388.8
Duddle,Tawnya,tduddlek@people.com.cn,Marketing,140108.07
Cator,Cynde,ccatorl@moonfruit.com,Accounting,104839.55
Bellamy,Barron,bbellamym@ted.com,Training,145584.45
Persicke,Noni,npersicken@disqus.com,Sales,123100.09
Belcher,Noellyn,nbelchero@ask.com,Business Development,93844.07
Milkins,Siana,smilkinsp@feedburner.com,Research and Development,87694.8
Beal,Jourdain,jbealq@google.es,Support,148140.96
Rainville,Rafferty,rrainviller@europa.eu,Support,136724.22
Rutherforth,Maximo,mrutherforths@infoseek.co.jp,Legal,124914.49
De la Harpe,Clarabelle,cdelaharpet@mozilla.com,Business Development,124003.16
