last_name,first_name,email,department,salary
D'eye,Cindra,cdeye0@twitpic.com,Engineering,98253.96
Shutte,Florian,fshutte1@lycos.com,Legal,134010.83
Van der Kruis,Mei,mvanderkruis2@instagram.com,Product Management,123237.89
Ateggart,Birgitta,bateggart3@zimbio.com,Research and Development,111668.01
Cleghorn,Alain,acleghorn4@army.mil,Accounting,100248.86
Ilewicz,Horatius,hilewicz5@quantcast.com,Engineering,123809.65
Caunt,Neysa,ncaunt6@blogs.com,Human Resources,103396.28
Avo,Karna,kavo7@reddit.com,Business Development,113832.6
Maunders,Nathaniel,nmaunders8@europa.eu,Services,132713.47
Crichmer,Ester,ecrichmer9@unc.edu,Research and Development,80081.59
Jekyll,Benedict,bjekylla@cbslocal.com,Support,90317.36
Carthy,Revkah,rcarthyb@gravatar.com,Legal,128227.35
Taffurelli,Thane,ttaffurellic@angelfire.com,Support,51366.93
Mont,Jonathon,jmontd@barnesandnoble.com,Training,124949.96
Belford,Wendeline,wbelforde@jigsy.com,Product Management,137513.5
Tweede,Dinny,dtweedef@opera.com,Legal,127109.96
Baker,Paolo,pbakerg@yolasite.com,Training,124043.02
Kantor,Odessa,okantorh@delicious.com,Marketing,111220.41
Domnin,Sephira,sdomnini@sitemeter.com,Support,95963.17
Murty,Sergent,smurtyj@timesonline.co.uk,Services,132545.86
Lyosik,Abey,alyosikk@businessweek.com,Training,68941.09
Tregensoe,Blancha,btregensoel@telegraph.co.uk,Research and Development,130396.39
Caizley,Eugenio,ecaizleym@wikimedia.org,Services,107620.27
Saddleton,Malinde,msaddletonn@hao123.com,Support,127769.2
Label,Sharline,slabelo@dell.com,Human Resources,59405.18
Siemons,Randie,rsiemonsp@hao123.com,Marketing,117840.05
Huband,Jacenta,jhubandq@disqus.com,Sales,87741.81
Sterry,Dominic,dsterryr@cbslocal.com,Engineering,93122.48
Gentle,Kare,kgentles@comsenz.com,Engineering,90345.29
Birkin,Binky,bbirkint@nydailynews.com,Engineering,51758.88
Tantrum,Bonita,btantrumu@hibu.com,Support,127324.25
Rosser,Lonnie,lrosserv@state.gov,Engineering,93893.94
Lethbridge,Flossi,flethbridgew@umn.edu,Product Management,74692.4
Giacovelli,Othello,ogiacovellix@marriott.com,Engineering,128533.94
Quiddihy,Granger,gquiddihyy@mayoclinic.com,Legal,133885.95
Bawcock,Hill,hbawcockz@skype.com,Research and Development,64764.15
Cordell,Hugibert,hcordell10@e-recht24.de,Research and Development,120090.06
Filer,Ulick,ufiler11@hexun.com,Services,59188.91
Hadigate,Denys,dhadigate12@squidoo.com,Business Development,65594.19
Fishburn,Layton,lfishburn13@wsj.com,Services,97406.36
Ackrill,Conni,cackrill14@privacy.gov.au,Human Resources,100158.31
Haycroft,Ilka,ihaycroft15@independent.co.uk,Product Management,106918.34
Bonnefin,Torey,tbonnefin16@usda.gov,Human Resources,128182.23
Cicchitello,Elisha,ecicchitello17@imgur.com,Training,56942.65
Ayars,Laural,layars18@ucla.edu,Training,137822.63
Surmeyers,Valerye,vsurmeyers19@ibm.com,Support,89255.31
Rowbottam,Abigale,arowbottam1a@uiuc.edu,Support,104950.02
Risbie,Biron,brisbie1b@si.edu,Research and Development,119500.56
McCloud,Stearn,smccloud1c@timesonline.co.uk,Engineering,86581.13
Pettyfer,Earle,epettyfer1d@tinypic.com,Legal,117032.55
Davenell,Rinaldo,rdavenell1e@infoseek.co.jp,Sales,71111.99
Youtead,Elnar,eyoutead1f@narod.ru,Services,118726.15
Couve,Towney,tcouve1g@about.me,Support,79961.28
Jowitt,Archie,ajowitt1h@si.edu,Marketing,136867.35
Danilovich,Dody,ddanilovich1i@omniture.com,Legal,63821.3
Razoux,Powell,prazoux1j@youtube.com,Marketing,55221.6
Fruin,Silvan,sfruin1k@flickr.com,Legal,140260.59
Benz,Bartolemo,bbenz1l@usgs.gov,Support,70170.78
Siggers,Kellyann,ksiggers1m@google.it,Services,85465.56
Gross,Dacie,dgross1n@cnet.com,Legal,85153.78
Jubb,Brewer,bjubb1o@zdnet.com,Research and Development,80853.34
Muckeen,Sutherland,smuckeen1p@1688.com,Accounting,114033.32
Gorwood,Dalia,dgorwood1q@microsoft.com,Services,99287.25
Blackston,Guilbert,gblackston1r@sciencedaily.com,Support,75075.1
Ramirez,Zeb,zramirez1s@archive.org,Legal,89859.14
Pollard,Darell,dpollard1t@google.nl,Services,95180.0
Salvati,Ludwig,lsalvati1u@nature.com,Product Management,68098.71
Yglesias,Charla,cyglesias1v@diigo.com,Training,131342.74
Went,Tymon,twent1w@goo.ne.jp,Human Resources,83313.86
Dagon,Isador,idagon1x@pinterest.com,Legal,102624.68
Gossop,Gerianne,ggossop1y@mozilla.com,Research and Development,142363.63
Ayto,Julianne,jayto1z@freewebs.com,Services,125962.43
Lightbown,Lilla,llightbown20@behance.net,Marketing,50814.18
Verdy,Elsa,everdy21@addtoany.com,Marketing,61089.76
Agates,Ralph,ragates22@newsvine.com,Sales,114980.12
Goldson,Sax,sgoldson23@samsung.com,Training,108858.01
Kanter,Georgeanne,gkanter24@dyndns.org,Business Development,111226.58
Porter,Dasi,dporter25@wisc.edu,Business Development,126060.28
Delamar,Juliette,jdelamar26@timesonline.co.uk,Marketing,79687.38
Top,Archambault,atop27@timesonline.co.uk,Product Management,99990.13
Micklewright,Allina,amicklewright28@sina.com.cn,Product Management,122957.73
Scougall,Ignaz,iscougall29@yahoo.co.jp,Services,70052.25
Sherrell,Annalee,asherrell2a@virginia.edu,Services,68609.04
Iffe,Carling,ciffe2b@weebly.com,Research and Development,63738.34
Emlin,Kalvin,kemlin2c@w3.org,Accounting,133118.79
Older,Claudina,colder2d@macromedia.com,Support,98324.47
Southwick,Aurelia,asouthwick2e@google.de,Marketing,83116.29
McFfaden,Arluene,amcffaden2f@europa.eu,Product Management,147750.46
Daton,Rivy,rdaton2g@wikimedia.org,Accounting,69717.14
Joly,Vladamir,vjoly2h@tamu.edu,Business Development,138770.66
Velti,Marmaduke,mvelti2i@reuters.com,Engineering,140502.09
Ankers,Christal,cankers2j@imageshack.us,Legal,113080.13
Esom,Izabel,iesom2k@e-recht24.de,Product Management,97831.71
Caines,Gale,gcaines2l@freewebs.com,Legal,78998.0
Speake,Ailey,aspeake2m@hexun.com,Business Development,129826.46
Antoons,Ephrem,eantoons2n@youku.com,Legal,97041.25
Asken,Cindy,casken2o@nyu.edu,Legal,126620.17
Oaten,Isa,ioaten2p@soup.io,Training,80386.2
Tenwick,Stormi,stenwick2q@lulu.com,Legal,73814.65
Trow,Westbrook,wtrow2r@wikia.com,Research and Development,73663.66
Sickling,Paddie,psickling2s@cbsnews.com,Human Resources,71591.01
Chazier,Trude,tchazier2t@indiatimes.com,Legal,126469.77
Silvester,Rikki,rsilvester2u@github.com,Business Development,103855.15
Di Biaggi,Ramon,rdibiaggi2v@privacy.gov.au,Human Resources,148357.23
Shepherd,Wilton,wshepherd2w@icq.com,Sales,99923.2
Medgewick,Baxy,bmedgewick2x@economist.com,Services,111119.06
Eastby,Doralyn,deastby2y@census.gov,Engineering,77215.95
Turmall,Brendon,bturmall2z@networksolutions.com,Training,106870.56
O'Nowlan,Cullan,conowlan30@ebay.com,Training,74942.39
Boocock,Cyndy,cboocock31@gnu.org,Support,99290.6
Benfield,Sergei,sbenfield32@usatoday.com,Marketing,95666.1
Lyven,Cesya,clyven33@paypal.com,Human Resources,105134.97
Keinrat,Brennen,bkeinrat34@tripod.com,Support,102183.92
Feldman,Renell,rfeldman35@blog.com,Marketing,138403.44
Ballaam,Ethe,eballaam36@cnet.com,Accounting,83402.55
Gitsham,Hammad,hgitsham37@fastcompany.com,Services,97011.67
Orgen,Jennette,jorgen38@instagram.com,Training,73788.66
Neissen,Adrian,aneissen39@uol.com.br,Marketing,115548.72
Balshaw,Yorker,ybalshaw3a@psu.edu,Business Development,123364.96
Whewill,Rona,rwhewill3b@admin.ch,Business Development,100287.81
Skeath,Elli,eskeath3c@usnews.com,Legal,88746.25
Altamirano,Theo,taltamirano3d@discovery.com,Engineering,129240.11
Millhouse,Sara,smillhouse3e@epa.gov,Business Development,94437.84
Vertey,Hermina,hvertey3f@un.org,Accounting,129598.3
Stopper,Cordy,cstopper3g@gravatar.com,Legal,95132.86
Imlin,Kylen,kimlin3h@spotify.com,Engineering,120723.7
Finnigan,Mariette,mfinnigan3i@t.co,Legal,104248.24
Cashman,Quent,qcashman3j@4shared.com,Accounting,89518.53
Sadat,Maury,msadat3k@squarespace.com,Sales,84900.25
Braunds,Herman,hbraunds3l@trellian.com,Business Development,78338.9
Bragginton,Dall,dbragginton3m@ocn.ne.jp,Accounting,97298.69
Blankman,Johnathon,jblankman3n@marketwatch.com,Business Development,141585.03
Phlippi,Pattie,pphlippi3o@gov.uk,Training,71308.38
Edeler,Rickie,redeler3p@youtu.be,Human Resources,68511.21
Mawne,Hulda,hmawne3q@diigo.com,Human Resources,125689.62
Bixley,Blayne,bbixley3r@indiatimes.com,Business Development,128806.91
Abella,Mathilda,mabella3s@oracle.com,Training,62676.99
Oxe,Mechelle,moxe3t@hugedomains.com,Business Development,67821.15
Antecki,Jessi,jantecki3u@nasa.gov,Engineering,61640.76
Pearn,Milt,mpearn3v@booking.com,Engineering,77897.33
Remer,Shoshana,sremer3w@cpanel.net,Business Development,140188.53
Jemison,Theo,tjemison3x@soundcloud.com,Business Development,96935.11
Wimbury,Bill,bwimbury3y@oakley.com,Training,106259.14
Anwell,Luciana,lanwell3z@wired.com,Support,125118.14
Edmund,Terry,tedmund40@baidu.com,Engineering,67532.66
Springham,Juli,jspringham41@surveymonkey.com,Business Development,144366.06
Furney,Cari,cfurney42@stanford.edu,Human Resources,104932.42
Ackers,Lura,lackers43@time.com,Engineering,107188.67
Bamfield,Emeline,ebamfield44@godaddy.com,Product Management,89208.62
Birbeck,Pooh,pbirbeck45@bandcamp.com,Accounting,126053.35
Chumley,Janeva,jchumley46@dmoz.org,Human Resources,138216.14
Bacup,Andriette,abacup47@edublogs.org,Training,116735.67
Warn,Ray,rwarn48@army.mil,Legal,128941.27
Stollenwerck,Angelique,astollenwerck49@hc360.com,Legal,82628.39
Bushill,Toiboid,tbushill4a@gnu.org,Accounting,84156.51
Shimwell,Homere,hshimwell4b@thetimes.co.uk,Marketing,54049.46
Issacof,Gaston,gissacof4c@cloudflare.com,Training,75085.89
Schule,Nicolina,nschule4d@e-recht24.de,Training,109603.7
Swindin,Reider,rswindin4e@slideshare.net,Accounting,63708.61
Tease,Amie,atease4f@bluehost.com,Accounting,72561.0
Tchaikovsky,Melita,mtchaikovsky4g@arstechnica.com,Product Management,68982.07
Doulden,Florina,fdoulden4h@yellowbook.com,Research and Development,53944.25
Voase,Cassie,cvoase4i@liveinternet.ru,Engineering,51950.26
Wey,Emilee,ewey4j@example.com,Legal,101100.32
Royds,Arlette,aroyds4k@blog.com,Sales,108602.25
Brian,Kippie,kbrian4l@youtube.com,Sales,105470.23
Quixley,Thomas,tquixley4m@cdbaby.com,Accounting,50231.45
Barnet,Mab,mbarnet4n@abc.net.au,Marketing,139091.65
Sobczak,Collen,csobczak4o@vkontakte.ru,Training,147236.25
Eyre,Butch,beyre4p@chronoengine.com,Research and Development,109690.15
Fyrth,Yulma,yfyrth4q@linkedin.com,Human Resources,78152.07
Petlyura,Emmerich,epetlyura4r@howstuffworks.com,Product Management,70714.88
Herety,Alla,aherety4s@surveymonkey.com,Sales,67216.32
Trethowan,Tracie,ttrethowan4t@mapy.cz,Human Resources,90873.0
Kobpac,Beverly,bkobpac4u@globo.com,Product Management,121187.49
Cratere,Merrily,mcratere4v@yelp.com,Human Resources,132301.7
Lambol,Johan,jlambol4w@wufoo.com,Accounting,77199.02
Baggaley,Mei,mbaggaley4x@artisteer.com,Accounting,139794.41
Juszczyk,Zabrina,zjuszczyk4y@quantcast.com,Product Management,120591.99
Follitt,Orelee,ofollitt4z@networkadvertising.org,Support,141323.88
Valentim,Tiler,tvalentim50@mapquest.com,Services,99420.67
Halfhide,Tiebout,thalfhide51@networkadvertising.org,Engineering,146732.95
Morfey,Vito,vmorfey52@mac.com,Training,136933.27
Dallan,Randie,rdallan53@edublogs.org,Sales,63532.44
Coggings,Erick,ecoggings54@tripadvisor.com,Support,63716.75
Denington,Nikki,ndenington55@msn.com,Accounting,131695.29
Yanshonok,Reade,ryanshonok56@eepurl.com,Engineering,107619.36
McKinlay,Sibella,smckinlay57@epa.gov,Services,59120.02
Riguard,Anallese,ariguard58@cisco.com,Engineering,98963.56
Pretsell,Linoel,lpretsell59@deviantart.com,Services,53891.84
Amthor,Sim,samthor5a@delicious.com,Support,64804.74
Schimann,Therese,tschimann5b@ezinearticles.com,Research and Development,100773.52
McCosker,Esta,emccosker5c@symantec.com,Engineering,147785.07
Kellar,Dinnie,dkellar5d@youtu.be,Human Resources,120732.44
Clohessy,Hailey,hclohessy5e@blogtalkradio.com,Business Development,113681.37
Ghilardi,Gwennie,gghilardi5f@pbs.org,Sales,125143.37
Gotcliff,Nikola,ngotcliff5g@mail.ru,Product Management,88006.01
Zoephel,Donnamarie,dzoephel5h@homestead.com,Research and Development,125544.23
McGilvray,Marilin,mmcgilvray5i@last.fm,Product Management,116063.1
Maccree,Berny,bmaccree5j@ehow.com,Business Development,90041.01
Gleadle,Rosco,rgleadle5k@ifeng.com,Training,92856.05
Purves,Grazia,gpurves5l@columbia.edu,Support,117507.49
Uzelli,Brooks,buzelli5m@godaddy.com,Human Resources,125118.4
Robbs,Manny,mrobbs5n@altervista.org,Support,124232.54
Gascoigne,Lindsay,lgascoigne5o@cornell.edu,Services,125347.35
Bardwall,Roda,rbardwall5p@elegantthemes.com,Accounting,106585.73
Grieves,Guenna,ggrieves5q@microsoft.com,Sales,75818.03
Conford,Donn,dconford5r@flavors.me,Accounting,134012.83
Hinkley,Cirilo,chinkley5s@de.vu,Accounting,136713.65
Aleksandrikin,Jozef,jaleksandrikin5t@statcounter.com,Services,123201.73
Morrish,Angelico,amorrish5u@bravesites.com,Support,53411.39
Wilacot,Britteny,bwilacot5v@gizmodo.com,Support,137960.14
Onge,Giffer,gonge5w@webeden.co.uk,Marketing,70788.36
Grimes,Dewey,dgrimes5x@issuu.com,Research and Development,133499.39
Guidera,Christoper,cguidera5y@instagram.com,Legal,127495.75
Larrad,Iosep,ilarrad5z@prnewswire.com,Legal,59507.4
Jerzykiewicz,Nerti,njerzykiewicz60@tuttocitta.it,Support,75748.9
Matuszkiewicz,Harriet,hmatuszkiewicz61@free.fr,Services,148198.16
Insworth,Creigh,cinsworth62@squidoo.com,Marketing,63390.93
McQuaker,Bibby,bmcquaker63@gov.uk,Business Development,130002.89
Coltherd,Anna,acoltherd64@nba.com,Sales,95873.06
Rathjen,Nady,nrathjen65@answers.com,Product Management,88730.02
Pakenham,Pete,ppakenham66@census.gov,Human Resources,100388.87
Alexandrescu,Onida,oalexandrescu67@noaa.gov,Human Resources,58600.78
Vaar,Hugh,hvaar68@ft.com,Business Development,111865.95
Lucus,Denys,dlucus69@fda.gov,Legal,52868.6
Ninotti,Laverne,lninotti6a@bloglines.com,Marketing,64127.05
Gibbetts,Devin,dgibbetts6b@moonfruit.com,Human Resources,120846.82
Philip,Derk,dphilip6c@bloglines.com,Research and Development,130447.73
Tottle,Fulton,ftottle6d@chron.com,Human Resources,130978.05
Tomkowicz,Emelina,etomkowicz6e@oaic.gov.au,Support,83105.38
Plumbe,Ronni,rplumbe6f@answers.com,Support,114737.9
Sperring,Sallie,ssperring6g@goo.gl,Human Resources,50208.71
Luttger,Leona,lluttger6h@upenn.edu,Product Management,80242.13
Couling,Hal,hcouling6i@engadget.com,Human Resources,90280.51
Andras,Ogdon,oandras6j@cnn.com,Product Management,86557.25
Dooly,Jeannie,jdooly6k@senate.gov,Human Resources,121412.39
Waterfield,Guy,gwaterfield6l@1und1.de,Product Management,51301.9
Pheazey,Paloma,ppheazey6m@simplemachines.org,Services,53683.88
Lomasney,Caryl,clomasney6n@boston.com,Support,91105.14
Grieger,Rachel,rgrieger6o@webmd.com,Engineering,55819.57
Keasy,Murdock,mkeasy6p@springer.com,Support,126770.27
Petyankin,Francisco,fpetyankin6q@ucoz.ru,Engineering,83618.83
Lackney,Latrina,llackney6r@phpbb.com,Product Management,99015.64
Latey,Flossie,flatey6s@tripadvisor.com,Services,124470.66
Brimacombe,Siusan,sbrimacombe6t@archive.org,Research and Development,118099.08
Zotto,Carter,czotto6u@blogger.com,Services,64696.71
Zapata,Candy,czapata6v@smugmug.com,Accounting,69148.12
Trevaskus,Quentin,qtrevaskus6w@jigsy.com,Training,74778.16
Hutchinson,Arleyne,ahutchinson6x@tinyurl.com,Marketing,66788.13
Crittal,Averill,acrittal6y@xrea.com,Research and Development,133062.6
Highwood,Pearla,phighwood6z@pagesperso-orange.fr,Legal,85147.93
Arro,Vivian,varro70@bizjournals.com,Services,72965.22
Halvosen,Linus,lhalvosen71@nih.gov,Accounting,90196.87
Dat,Nady,ndat72@soup.io,Legal,64980.7
Matuszak,Max,mmatuszak73@rediff.com,Human Resources,98253.54
Taveriner,Jess,jtaveriner74@google.fr,Services,112122.75
De Meyer,Courtney,cdemeyer75@technorati.com,Legal,107775.39
Acory,Reinold,racory76@prweb.com,Business Development,71908.68
Palffy,Gabie,gpalffy77@bloglovin.com,Accounting,69532.2
Rivalland,Eb,erivalland78@delicious.com,Legal,138102.76
McAvaddy,Tilly,tmcavaddy79@e-recht24.de,Legal,100725.79
Filchakov,Gabe,gfilchakov7a@flickr.com,Services,62425.01
Callacher,Shaw,scallacher7b@cnet.com,Business Development,56885.71
Hucks,Phelia,phucks7c@geocities.jp,Human Resources,74454.88
Pitrollo,Drusilla,dpitrollo7d@cocolog-nifty.com,Marketing,96446.19
Banthorpe,Kevin,kbanthorpe7e@opensource.org,Sales,65620.68
Fatscher,Coralyn,cfatscher7f@yolasite.com,Services,72614.77
Rusted,Cherise,crusted7g@vistaprint.com,Support,140257.55
Mompesson,Giselle,gmompesson7h@nba.com,Engineering,120754.73
Stapley,Manfred,mstapley7i@last.fm,Support,107564.9
Seabert,Idaline,iseabert7j@blog.com,Engineering,123809.5
Sever,Engelbert,esever7k@myspace.com,Services,145634.37
Rouge,Roselin,rrouge7l@csmonitor.com,Training,95710.93
Cant,Skelly,scant7m@cbsnews.com,Business Development,107699.49
Ends,Riobard,rends7n@icio.us,Business Development,88591.8
Southerns,Garold,gsoutherns7o@zimbio.com,Sales,77565.0
Botten,Jard,jbotten7p@topsy.com,Business Development,111526.12
Martinson,Conrade,cmartinson7q@acquirethisname.com,Accounting,69527.11
Dochon,Godfrey,gdochon7r@drupal.org,Training,123760.71
Renard,Jean,jrenard7s@upenn.edu,Marketing,53010.09
Pulfer,Riley,rpulfer7t@buzzfeed.com,Support,88067.17
Cawthera,Annora,acawthera7u@tripadvisor.com,Services,61009.87
Gainsburgh,Alex,againsburgh7v@google.com,Sales,74087.21
Hawton,Westley,whawton7w@foxnews.com,Services,133691.57
Copping,Ally,acopping7x@craigslist.org,Business Development,108493.94
Selbie,Irvin,iselbie7y@sphinn.com,Human Resources,112199.0
McLellan,Rosene,rmclellan7z@auda.org.au,Engineering,135390.58
Pound,Burg,bpound80@moonfruit.com,Sales,148179.59
Fogt,Nichol,nfogt81@yelp.com,Marketing,140824.27
Beavis,Lezlie,lbeavis82@unblog.fr,Services,62222.54
Coatts,Kathe,kcoatts83@shop-pro.jp,Business Development,77752.54
Di Claudio,Tami,tdiclaudio84@comcast.net,Marketing,54671.83
Carder,Lavena,lcarder85@adobe.com,Training,105195.49
Kleynen,Gunar,gkleynen86@canalblog.com,Accounting,77619.72
Matschke,Lesly,lmatschke87@skyrock.com,Sales,83901.46
Biaggetti,Lacie,lbiaggetti88@who.int,Legal,126824.18
Mirams,Stephannie,smirams89@quantcast.com,Product Management,102924.74
Kesby,Malcolm,mkesby8a@house.gov,Product Management,82178.32
Sanchis,Ruthe,rsanchis8b@gov.uk,Services,134192.88
Petrolli,Rosa,rpetrolli8c@dmoz.org,Product Management,139366.5
De Brett,Jacinthe,jdebrett8d@wunderground.com,Accounting,73034.04
Sephton,Fernando,fsephton8e@un.org,Marketing,122629.6
Bartholomaus,Corabella,cbartholomaus8f@nymag.com,Product Management,88443.45
Slesser,Xenos,xslesser8g@miitbeian.gov.cn,Marketing,132904.36
Woodes,Ashli,awoodes8h@ycombinator.com,Engineering,89014.99
Downing,Hilda,hdowning8i@elegantthemes.com,Training,110121.21
Crasswell,Wren,wcrasswell8j@plala.or.jp,Human Resources,87326.95
Empleton,Desdemona,dempleton8k@nba.com,Training,91065.21
Warre,Darby,dwarre8l@nationalgeographic.com,Human Resources,69985.1
Allsupp,Bogey,ballsupp8m@google.it,Research and Development,62034.42
Falconer,Walker,wfalconer8n@shareasale.com,Support,84582.95
Parriss,Maud,mparriss8o@blinklist.com,Accounting,148732.08
Spinige,Otto,ospinige8p@nationalgeographic.com,Business Development,112143.04
Polleye,Teri,tpolleye8q@paypal.com,Accounting,115508.64
Wheelwright,Dosi,dwheelwright8r@biglobe.ne.jp,Legal,64478.8
Crampton,Aldric,acrampton8s@addtoany.com,Business Development,136585.22
Bastiman,Scotti,sbastiman8t@dell.com,Product Management,55667.54
Coulton,Torey,tcoulton8u@reddit.com,Accounting,87167.15
Gaymer,Fulton,fgaymer8v@over-blog.com,Human Resources,74612.87
Escofier,Sly,sescofier8w@state.tx.us,Human Resources,112826.82
Drew,Abie,adrew8x@nasa.gov,Services,146115.96
Whiskerd,Amy,awhiskerd8y@discovery.com,Support,62923.28
Tuckley,Frederich,ftuckley8z@eepurl.com,Research and Development,148445.32
Filpo,Gardener,gfilpo90@si.edu,Product Management,90642.88
Berntssen,Adrea,aberntssen91@guardian.co.uk,Services,121746.35
McGroarty,Filberto,fmcgroarty92@canalblog.com,Engineering,111017.38
Hellyer,Louisa,lhellyer93@washington.edu,Services,113379.22
Towriss,Clemente,ctowriss94@si.edu,Accounting,71490.39
Ryal,Odey,oryal95@businessinsider.com,Legal,108060.54
Snelson,Myles,msnelson96@meetup.com,Human Resources,52666.91
Leech,Ulrikaumeko,uleech97@time.com,Product Management,95370.36
Loveday,Axel,aloveday98@hhs.gov,Human Resources,73157.91
Kitchinghan,Eleni,ekitchinghan99@canalblog.com,Research and Development,89701.27
McLucky,Elbert,emclucky9a@sciencedirect.com,Engineering,116974.68
Bocken,Marcelline,mbocken9b@newyorker.com,Product Management,126008.93
Dallmann,Hildegaard,hdallmann9c@ted.com,Research and Development,75532.93
Smartman,Tully,tsmartman9d@sakura.ne.jp,Training,101193.02
Smithers,Rianon,rsmithers9e@exblog.jp,Training,70225.74
Everleigh,Diane-marie,deverleigh9f@redcross.org,Services,126623.37
Duckitt,Loree,lduckitt9g@slideshare.net,Training,127148.36
Probbing,Babbette,bprobbing9h@statcounter.com,Marketing,94494.56
Studde,Rodi,rstudde9i@amazon.de,Business Development,83368.49
Middiff,Whitman,wmiddiff9j@t-online.de,Marketing,131684.84
Draisey,Christen,cdraisey9k@java.com,Training,68313.78
Byrne,Toinette,tbyrne9l@cdc.gov,Accounting,55575.01
Oluwatoyin,Vin,voluwatoyin9m@facebook.com,Business Development,62723.97
Dewer,Zelig,zdewer9n@auda.org.au,Support,136685.16
Jaslem,Bartram,bjaslem9o@chicagotribune.com,Marketing,53563.89
Wishart,Merilee,mwishart9p@joomla.org,Legal,50250.65
Barrack,Claybourne,cbarrack9q@paypal.com,Accounting,69774.05
Davall,Collen,cdavall9r@mozilla.org,Services,103116.21
Fairbairn,Vinson,vfairbairn9s@hhs.gov,Sales,133145.09
Fold,Aubrie,afold9t@163.com,Business Development,71674.37
Aleevy,Arluene,aaleevy9u@zdnet.com,Product Management,118368.86
Goodinson,Hazel,hgoodinson9v@dell.com,Accounting,138218.54
Axtens,Johnathon,jaxtens9w@tiny.cc,Training,95934.47
Sibthorpe,Ivett,isibthorpe9x@imdb.com,Sales,57658.22
Adamini,Frants,fadamini9y@vkontakte.ru,Legal,105168.19
Kerne,Kleon,kkerne9z@wisc.edu,Engineering,89168.03
Loos,Wenda,wloosa0@mit.edu,Services,148310.81
Loyley,Ulises,uloyleya1@wired.com,Services,137407.68
Kitman,Birgit,bkitmana2@hc360.com,Research and Development,141760.27
Abrey,Rolf,rabreya3@ehow.com,Training,127082.7
Stranieri,Ciel,cstranieria4@furl.net,Product Management,144774.58
Kiebes,Analise,akiebesa5@wunderground.com,Engineering,63263.86
Steggles,Phil,pstegglesa6@dropbox.com,Marketing,85375.07
Skehens,Claudina,cskehensa7@bigcartel.com,Services,76536.76
Dorling,Brander,bdorlinga8@npr.org,Engineering,54547.24
Braban,Fonzie,fbrabana9@dot.gov,Business Development,112356.83
Kisby,Reynold,rkisbyaa@nps.gov,Support,66144.33
Chapier,Kimmie,kchapierab@gravatar.com,Business Development,139347.9
Bengough,Pris,pbengoughac@mozilla.com,Support,75660.59
Jenkin,Antone,ajenkinad@mayoclinic.com,Business Development,139065.4
Limpertz,Gabi,glimpertzae@gmpg.org,Sales,70845.0
Maciak,Dora,dmaciakaf@economist.com,Human Resources,69018.68
Elson,Robbyn,relsonag@bloglines.com,Product Management,145300.24
Fosdike,Dene,dfosdikeah@cam.ac.uk,Legal,71770.51
Snyder,Royall,rsnyderai@smh.com.au,Human Resources,98127.92
Whitter,Creighton,cwhitteraj@webeden.co.uk,Sales,111510.53
Alessandrucci,Fanchon,falessandrucciak@google.ca,Support,146578.49
Shattock,Hogan,hshattockal@is.gd,Product Management,58169.49
Hedden,Kirbie,kheddenam@xing.com,Engineering,148472.23
Gardener,Laird,lgardeneran@who.int,Sales,122373.23
Scaice,Veradis,vscaiceao@posterous.com,Support,111178.85
Craigmyle,Katti,kcraigmyleap@auda.org.au,Legal,100351.76
Brinkworth,Rowena,rbrinkworthaq@nifty.com,Training,77889.82
Lapre,Faun,flaprear@virginia.edu,Sales,130991.59
Medler,Nero,nmedleras@illinois.edu,Human Resources,101088.86
McKellar,Terri,tmckellarat@webnode.com,Sales,123295.34
Renals,Biron,brenalsau@toplist.cz,Business Development,132296.82
Ruddoch,Hope,hruddochav@timesonline.co.uk,Sales,51270.11
Belsher,Dev,dbelsheraw@miibeian.gov.cn,Engineering,60980.09
Ramel,Judi,jramelax@miibeian.gov.cn,Engineering,77858.39
Parkyns,Linette,lparkynsay@trellian.com,Research and Development,101045.77
Crocetto,Ines,icrocettoaz@virginia.edu,Sales,89883.52
Abbatini,Mallorie,mabbatinib0@yandex.ru,Business Development,93100.93
Saile,Arman,asaileb1@google.com.br,Training,128917.38
Shellum,Pegeen,pshellumb2@sbwire.com,Business Development,71397.33
Clandillon,Maure,mclandillonb3@miibeian.gov.cn,Legal,102926.62
Decruse,Loretta,ldecruseb4@tinyurl.com,Accounting,55807.67
Cumpton,Elia,ecumptonb5@cdc.gov,Sales,102762.03
Snoddon,Wolfgang,wsnoddonb6@g.co,Legal,51369.06
Farndale,Carlita,cfarndaleb7@marketwatch.com,Research and Development,58498.41
Van Arsdalen,Tiffani,tvanarsdalenb8@youtu.be,Sales,86689.51
Remnant,Abby,aremnantb9@behance.net,Legal,54638.27
Teale,Everett,etealeba@independent.co.uk,Product Management,55271.57
Brantzen,Rebecca,rbrantzenbb@state.gov,Engineering,113003.85
Scudder,Philippine,pscudderbc@berkeley.edu,Sales,125734.11
Vlasenkov,Cristie,cvlasenkovbd@newsvine.com,Marketing,56066.05
Cochran,Cherise,ccochranbe@aol.com,Training,131672.24
Semmence,Linnie,lsemmencebf@cnn.com,Services,98824.51
Calow,Shanan,scalowbg@theglobeandmail.com,Marketing,142476.63
Synke,Cairistiona,csynkebh@deviantart.com,Business Development,99490.0
Bransgrove,Marc,mbransgrovebi@instagram.com,Support,132421.82
Adshed,Britte,badshedbj@webs.com,Support,126920.81
Scad,Jilleen,jscadbk@kickstarter.com,Services,136132.55
Dunster,Sander,sdunsterbl@soup.io,Legal,88372.78
Nassau,Shanon,snassaubm@google.fr,Product Management,137286.21
Clawsley,Abram,aclawsleybn@gizmodo.com,Engineering,139915.98
Claque,Evvy,eclaquebo@reddit.com,Human Resources,92264.48
McAviy,Odele,omcaviybp@imageshack.us,Legal,149150.41
Mottershead,Mayne,mmottersheadbq@youtu.be,Engineering,60334.35
Getten,Tyrus,tgettenbr@wikimedia.org,Human Resources,121616.77
Klaesson,Jeanette,jklaessonbs@fda.gov,Engineering,144239.54
Jindra,Carolee,cjindrabt@mit.edu,Business Development,98911.1
Aberkirder,Ophelia,oaberkirderbu@squidoo.com,Services,71862.59
Pietzner,Emily,epietznerbv@narod.ru,Research and Development,148619.68
Cuttler,Lambert,lcuttlerbw@patch.com,Support,70324.23
Ovesen,Karlyn,kovesenbx@umich.edu,Training,148462.58
Tod,Carmelita,ctodby@va.gov,Human Resources,101469.08
Sage,Colline,csagebz@vimeo.com,Business Development,149162.93
Flye,Mark,mflyec0@etsy.com,Legal,113180.82
Heselwood,Murray,mheselwoodc1@state.tx.us,Business Development,71396.55
Viggers,Dode,dviggersc2@washingtonpost.com,Legal,79440.19
Fumagall,Rockey,rfumagallc3@last.fm,Accounting,144571.7
Oubridge,Jaimie,joubridgec4@wikimedia.org,Training,55885.55
Tolussi,Zea,ztolussic5@utexas.edu,Research and Development,77422.94
Regardsoe,Esma,eregardsoec6@tiny.cc,Accounting,70348.59
Sultana,Marion,msultanac7@people.com.cn,Sales,119269.6
Casero,Nolie,ncaseroc8@tmall.com,Support,78380.3
Dolan,Ulick,udolanc9@squarespace.com,Accounting,124096.74
O'Sheeryne,Bernetta,bosheeryneca@cornell.edu,Support,147730.63
Hars,Ferdinand,fharscb@google.fr,Legal,96148.31
Baroche,Paige,pbarochecc@typepad.com,Engineering,104290.27
Hanstock,Alleen,ahanstockcd@csmonitor.com,Research and Development,116693.31
Speerman,Sacha,sspeermance@answers.com,Services,53691.47
McGeachy,Alleen,amcgeachycf@forbes.com,Support,125555.82
Hallworth,Tripp,thallworthcg@deliciousdays.com,Support,65227.02
Oblein,Afton,aobleinch@ocn.ne.jp,Sales,100323.06
Burdge,Ada,aburdgeci@eepurl.com,Product Management,98475.83
Sindell,Jarad,jsindellcj@google.it,Legal,128912.29
Cahen,Noreen,ncahenck@example.com,Services,51110.22
Danne,Andy,adannecl@1688.com,Training,124937.71
Jochens,Francine,fjochenscm@archive.org,Training,71030.41
De La Salle,Vyky,vdelasallecn@army.mil,Services,85350.01
Golsthorp,Gilberto,ggolsthorpco@hud.gov,Human Resources,148801.94
Binch,Odey,obinchcp@gov.uk,Research and Development,63993.72
Damerell,Taffy,tdamerellcq@nifty.com,Support,143149.4
Gainsboro,Nannie,ngainsborocr@si.edu,Support,76204.89
Jossum,Amos,ajossumcs@clickbank.net,Accounting,115115.24
Cecere,Rubina,rcecerect@soundcloud.com,Engineering,58553.88
Franek,Gris,gfranekcu@foxnews.com,Services,112709.48
Matuskiewicz,Marya,mmatuskiewiczcv@blogspot.com,Marketing,103992.94
Zecchetti,Claribel,czecchetticw@networksolutions.com,Sales,141849.0
Tubritt,Cristina,ctubrittcx@ehow.com,Legal,56935.21
Masham,Jermaine,jmashamcy@addthis.com,Sales,84048.79
Pobjoy,Lanita,lpobjoycz@statcounter.com,Support,90710.37
Durbin,Sanderson,sdurbind0@imgur.com,Legal,140216.4
Chadbourne,Sophey,schadbourned1@dmoz.org,Research and Development,81717.5
Dudny,Lindon,ldudnyd2@livejournal.com,Services,99291.52
Philpault,Levon,lphilpaultd3@cam.ac.uk,Engineering,77110.65
Cosstick,Therine,tcosstickd4@fastcompany.com,Accounting,141734.33
Christin,Oriana,ochristind5@blog.com,Services,94824.02
Scarlett,Levy,lscarlettd6@arstechnica.com,Human Resources,76414.84
Bice,Carlina,cbiced7@npr.org,Research and Development,86933.75
Audry,Lena,laudryd8@myspace.com,Business Development,145488.87
Crippin,Travis,tcrippind9@google.fr,Product Management,125170.48
Neljes,Dame,dneljesda@exblog.jp,Support,119860.97
Bedinham,Kathye,kbedinhamdb@yolasite.com,Marketing,88183.12
Caukill,Brynna,bcaukilldc@princeton.edu,Sales,145239.13
Gorler,Coralyn,cgorlerdd@dell.com,Engineering,139805.36
Mewis,Maurie,mmewisde@answers.com,Accounting,107652.91
Smorthwaite,Marvin,msmorthwaitedf@kickstarter.com,Services,77247.87
Paulus,Hadlee,hpaulusdg@skyrock.com,Support,65839.95
Martill,Marcy,mmartilldh@japanpost.jp,Business Development,60441.63
Ledgister,Auguste,aledgisterdi@wp.com,Training,61566.66
Welburn,Rowan,rwelburndj@toplist.cz,Business Development,70149.21
Ianitti,Thia,tianittidk@clickbank.net,Legal,108589.2
Garling,Gaspard,ggarlingdl@360.cn,Training,50679.46
Goucher,Gratiana,ggoucherdm@oakley.com,Human Resources,106466.41
Anstey,Gilbertine,gansteydn@elegantthemes.com,Marketing,131863.76
Grzesiak,Aline,agrzesiakdo@oracle.com,Marketing,75537.08
Presnall,Roobbie,rpresnalldp@g.co,Research and Development,85488.18
Schuh,Goldie,gschuhdq@webmd.com,Engineering,77547.18
Goring,Valaria,vgoringdr@rediff.com,Training,116732.55
Turneux,Norri,nturneuxds@time.com,Engineering,126448.42
Fellgatt,Fairfax,ffellgattdt@surveymonkey.com,Training,81044.22
Tripean,Cordell,ctripeandu@sciencedirect.com,Product Management,64316.32
Zack,Dory,dzackdv@cisco.com,Training,103439.62
Ziemen,Natale,nziemendw@boston.com,Engineering,67488.98
Alenichicov,Gradey,galenichicovdx@netvibes.com,Legal,79473.1
Gledstane,Keith,kgledstanedy@umn.edu,Product Management,122324.56
Goldes,Alia,agoldesdz@networksolutions.com,Human Resources,127261.03
Roistone,Abram,aroistonee0@unc.edu,Support,57421.74
Glader,Claudelle,cgladere1@oakley.com,Services,148706.4
Pibworth,Calv,cpibworthe2@washington.edu,Marketing,132215.25
Kynman,Cynde,ckynmane3@qq.com,Research and Development,73058.0
Kelling,Fedora,fkellinge4@delicious.com,Training,61920.12
Alexsandrov,Nancee,nalexsandrove5@ebay.com,Engineering,70671.9
Aimeric,Alessandro,aaimerice6@nymag.com,Legal,113257.27
Tocqueville,Cairistiona,ctocquevillee7@patch.com,Marketing,58979.1
Hayhow,Tate,thayhowe8@joomla.org,Engineering,69945.14
Copplestone,Maribelle,mcopplestonee9@g.co,Support,104412.69
Schermick,Sissie,sschermickea@bluehost.com,Engineering,112072.38
Beaves,Win,wbeaveseb@newsvine.com,Engineering,140172.97
Hilbourne,Allister,ahilbourneec@xrea.com,Business Development,95345.39
Easom,Derby,deasomed@artisteer.com,Training,108493.97
Muncie,Francyne,fmuncieee@mail.ru,Services,148367.05
Fulk,Elwin,efulkef@home.pl,Services,100332.54
Janiak,Kelvin,kjaniakeg@state.tx.us,Research and Development,72496.45
Cottingham,Talbot,tcottinghameh@booking.com,Accounting,109230.91
De Cleen,Nickie,ndecleenei@webnode.com,Business Development,56060.85
Titterington,Roderick,rtitteringtonej@weibo.com,Research and Development,115592.99
MacCahee,Lenee,lmaccaheeek@bravesites.com,Legal,121891.5
Braizier,Tadd,tbraizierel@ibm.com,Support,117344.57
Hair,Olivero,ohairem@latimes.com,Support,86114.13
Malcolmson,Valry,vmalcolmsonen@upenn.edu,Product Management,91249.0
Vynarde,Tucky,tvynardeeo@google.ru,Engineering,141149.78
Arnke,Mirabel,marnkeep@sina.com.cn,Sales,131689.34
Heggadon,Bobbi,bheggadoneq@rambler.ru,Sales,91106.63
Keel,Xenia,xkeeler@huffingtonpost.com,Support,115299.45
Garlee,Raynor,rgarleees@foxnews.com,Support,119720.07
Pavlenkov,Carmine,cpavlenkovet@github.io,Support,115758.39
Boylan,Rhodie,rboylaneu@drupal.org,Sales,53532.25
Eadmeades,Jeni,jeadmeadesev@bbc.co.uk,Legal,86686.96
Orwin,Dee dee,dorwinew@xrea.com,Human Resources,58992.43
Tullot,Octavia,otullotex@google.com.hk,Services,116300.73
Maruska,Darcy,dmaruskaey@themeforest.net,Services,82228.84
Hauxwell,Roxi,rhauxwellez@usa.gov,Engineering,93929.02
