last_name,first_name,email,department,salary
Josefsson,Taffy,tjosefsson0@xrea.com,Business Development,120407.2
Radenhurst,Rikki,rradenhurst1@jimdo.com,Engineering,118541.51
Kruschov,Carr,ckruschov2@squarespace.com,Training,55353.82
Geelan,Rawley,rgeelan3@weebly.com,Sales,119383.79
Gare,Munroe,mgare4@etsy.com,Support,132047.26
McCole,Sheeree,smccole5@mediafire.com,Sales,65433.97
Bassano,Robbi,rbassano6@posterous.com,Human Resources,86500.51
Langstone,Marcelle,mlangstone7@issuu.com,Legal,127254.26
Nend,Alfie,anend8@nasa.gov,Legal,144453.41
Jeffreys,Franni,fjeffreys9@microsoft.com,Accounting,74633.12
Dilnot,Roselia,rdilnota@timesonline.co.uk,Services,106377.74
Akam,Valerie,vakamb@163.com,Product Management,91823.49
Zamora,Cory,czamorac@wikia.com,Sales,117633.28
Culley,Agnese,aculleyd@github.io,Research and Development,106524.14
Base,Fredra,fbasee@canalblog.com,Legal,97876.51
Cordero,Timothy,tcorderof@bbc.co.uk,Sales,118181.25
Cappleman,Seumas,scapplemang@cisco.com,Product Management,96318.28
Welman,Simone,swelmanh@ehow.com,Engineering,81399.54
Frudd,Kaiser,kfruddi@auda.org.au,Human Resources,90592.75
Rooson,Yasmeen,yroosonj@nifty.com,Support,147088.45
Janusik,Pepita,pjanusikk@apple.com,Marketing,104342.54
Hollier,Persis,phollierl@blogspot.com,Training,68429.53
Greder,Joyous,jgrederm@noaa.gov,Product Management,68588.15
Allewell,Abbot,aallewelln@cam.ac.uk,Research and Development,86766.68
Gingold,Eda,egingoldo@altervista.org,Engineering,134760.29
Maun,Arte,amaunp@comcast.net,Legal,72810.08
Gulston,Gabriel,ggulstonq@istockphoto.com,Marketing,120845.62
Pretious,Hadleigh,hpretiousr@youku.com,Human Resources,85160.98
Potts,Dennison,dpottss@sina.com.cn,Business Development,109057.83
Mariot,Bibbie,bmariott@g.co,Training,115297.45
Pendall,Yettie,ypendallu@so-net.ne.jp,Support,77304.26
Kitchingman,Alasteir,akitchingmanv@washingtonpost.com,Product Management,83609.48
Crawshaw,Kori,kcrawshaww@woothemes.com,Research and Development,73184.44
Alred,Annnora,aalredx@thetimes.co.uk,Product Management,130673.89
Pletts,Twila,tplettsy@bloglines.com,Human Resources,79918.09
Lisciardelli,Dede,dlisciardelliz@nhs.uk,Marketing,63901.28
Biggins,Kameko,kbiggins10@google.com,Engineering,115675.42
Pegler,Esme,epegler11@constantcontact.com,Accounting,71521.71
Hagergham,Keefe,khagergham12@admin.ch,Human Resources,124879.66
Kuhlen,Viva,vkuhlen13@diigo.com,Sales,85906.46
Quennell,Kendell,kquennell14@cbslocal.com,Sales,50194.63
Ivancevic,Onfre,oivancevic15@altervista.org,Services,90018.9
Wathan,Andrus,awathan16@bravesites.com,Services,111394.87
Tatnell,Allie,atatnell17@youku.com,Research and Development,102428.06
Wreight,Chantal,cwreight18@nsw.gov.au,Legal,80341.61
Collens,Elberta,ecollens19@qq.com,Research and Development,94070.52
Goodyear,Ferrell,fgoodyear1a@bigcartel.com,Sales,67615.5
Simson,Rafe,rsimson1b@unesco.org,Accounting,55916.98
Zimmermanns,Hillel,hzimmermanns1c@paypal.com,Business Development,65427.6
Corey,Ninetta,ncorey1d@godaddy.com,Accounting,53306.76
Storry,Minnnie,mstorry1e@nationalgeographic.com,Accounting,65264.36
Linebarger,Saree,slinebarger1f@sciencedaily.com,Research and Development,137754.04
Brambill,Alexandrina,abrambill1g@prlog.org,Training,102091.58
Scarfe,Janaye,jscarfe1h@nhs.uk,Services,130857.77
Caldera,Nial,ncaldera1i@dmoz.org,Engineering,102806.47
Leitche,Wynnie,wleitche1j@elegantthemes.com,Product Management,63368.32
Whitear,Rollo,rwhitear1k@pinterest.com,Human Resources,104441.83
Swyre,Antin,aswyre1l@ustream.tv,Services,81588.06
Pensom,Steffane,spensom1m@nature.com,Research and Development,68007.15
Jermey,Cleveland,cjermey1n@lycos.com,Accounting,59191.08
Aldin,Ive,ialdin1o@bloglovin.com,Engineering,58643.88
Ackwood,Gerrie,gackwood1p@java.com,Research and Development,107504.22
Ganley,Kiah,kganley1q@cmu.edu,Marketing,120898.4
Scown,Hunter,hscown1r@tripod.com,Business Development,64439.76
Glayzer,Nolana,nglayzer1s@umich.edu,Human Resources,126088.55
Weine,Honor,hweine1t@skyrock.com,Marketing,123160.52
Older,Melody,molder1u@pinterest.com,Engineering,110078.49
Girkin,Kynthia,kgirkin1v@acquirethisname.com,Legal,98963.85
O'Carroll,Dallon,docarroll1w@bigcartel.com,Services,77099.21
Moubray,Guy,gmoubray1x@linkedin.com,Business Development,147777.09
Weetch,Ursala,uweetch1y@twitter.com,Sales,58898.52
Sillitoe,Selina,ssillitoe1z@furl.net,Legal,53762.01
Darnody,Maureene,mdarnody20@globo.com,Training,139403.32
Rainsbury,Zackariah,zrainsbury21@tuttocitta.it,Support,129927.41
Blazic,Broderick,bblazic22@gov.uk,Human Resources,124393.73
Baudi,Tawnya,tbaudi23@gmpg.org,Research and Development,110265.62
Fuge,Cookie,cfuge24@examiner.com,Services,82008.1
Jouandet,Gherardo,gjouandet25@list-manage.com,Business Development,60435.36
Ben,Malissa,mben26@alibaba.com,Engineering,101494.71
Hurdis,Georges,ghurdis27@state.gov,Engineering,146645.56
